group_pair,rank,venue_region,venue_team,stadium_name,stadium_capacity,nearest_airport,nearest_airport_km,avg_distance_km,max_distance_km,travel_score,worst_travel_score,fairness_score,impact_score,capacity_score,home_penalty,total_score
G01+G02,1,三门县,三门县队,三门县体育中心主体育场,25000,宁波栎社国际机场,70,163.65,209.14,48.99,41.9,71.91,44.97,77.8,0.0,47.04
G01+G02,2,新昌县,新昌县队,新昌县小球中心体育馆,5018,宁波栎社国际机场,80,144.66,225.2,57.47,37.45,74.33,50.59,69.73,0.0,44.91
G01+G02,3,嵊州市,嵊州市队,嵊州市体育中心体育场,3000,宁波栎社国际机场,80,142.91,233.39,59.57,35.17,73.36,56.11,66.44,0.0,43.69
G01+G02,4,天台县,天台县队,天台县人民体育场,1500,台州路桥机场,95,154.5,224.48,53.69,37.65,74.91,48.4,57.87,0.0,43.31
G01+G02,5,诸暨市,诸暨市队,诸暨市体育中心体育场,10000,义乌机场,60,149.52,244.77,58.23,32.01,70.29,66.44,78.54,0.0,42.99
G01+G03,1,义乌市,义乌市队,义乌市梅湖体育中心体育场,35260,义乌机场,10,144.27,201.79,64.51,43.95,83.27,73.71,90.9,0.0,53.89
G01+G03,2,东阳市,东阳市队,东阳市体育中心体育馆,5465,义乌机场,35,142.92,197.75,64.68,45.07,84.87,64.54,76.21,0.0,52.83
G01+G03,3,磐安县,磐安县队,磐安县文体中心,3000,义乌机场,95,148.71,190.53,54.51,47.08,82.87,35.12,60.77,0.0,49.47
G01+G03,4,金华市,金华市队,金华市体育中心体育场,30000,义乌机场,55,158.65,221.22,52.75,38.55,73.73,64.63,87.7,0.0,47.44
G01+G03,5,浦江县,浦江县队,浦江县体育中心体育场,15050,义乌机场,25,144.56,221.26,56.2,38.54,79.11,46.29,83.35,0.0,46.54
G01+G04,1,义乌市,义乌市队,义乌市梅湖体育中心体育场,35260,义乌机场,10,124.21,201.79,72.23,43.95,75.92,73.71,90.9,0.0,54.84
G01+G04,2,东阳市,东阳市队,东阳市体育中心体育馆,5465,义乌机场,35,120.39,197.75,73.34,45.07,77.17,64.54,76.21,0.0,53.91
G01+G04,3,天台县,天台县队,天台县人民体育场,1500,台州路桥机场,95,124.56,189.38,65.21,47.39,75.42,48.4,57.87,0.0,51.63
G01+G04,4,金华市,金华市队,金华市体育中心体育场,30000,义乌机场,55,142.57,214.01,58.93,40.55,72.6,64.63,87.7,0.0,49.68
G01+G04,5,临海市,临海市队,临海体育馆（灵湖体育馆）,5300,台州路桥机场,48,135.21,213.32,62.57,40.74,74.02,60.65,74.8,0.0,48.96
G01+G05,1,义乌市,义乌市队,义乌市梅湖体育中心体育场,35260,义乌机场,10,141.29,201.79,65.66,43.95,82.33,73.71,90.9,0.0,54.03
G01+G05,2,东阳市,东阳市队,东阳市体育中心体育馆,5465,义乌机场,35,140.16,197.75,65.74,45.07,83.58,64.54,76.21,0.0,52.95
G01+G05,3,磐安县,磐安县队,磐安县文体中心,3000,义乌机场,95,136.03,190.53,59.39,47.08,82.26,35.12,60.77,0.0,50.17
G01+G05,4,金华市,金华市队,金华市体育中心体育场,30000,义乌机场,55,144.59,214.01,58.16,40.55,76.45,64.63,87.7,0.0,49.65
G01+G05,5,兰溪市,兰溪市队,兰溪市体育中心田径场看台,5000,义乌机场,85,149.77,211.71,55.16,41.19,69.98,51.86,66.99,0.0,46.86
G01+G06,1,义乌市,义乌市队,义乌市梅湖体育中心体育场,35260,义乌机场,10,133.6,201.79,68.61,43.95,76.59,73.71,90.9,0.0,54.33
G01+G06,2,东阳市,东阳市队,东阳市体育中心体育馆,5465,义乌机场,35,133.93,197.75,68.13,45.07,76.72,64.54,76.21,0.0,53.14
G01+G06,3,金华市,金华市队,金华市体育中心体育场,30000,义乌机场,55,139.95,214.01,59.94,40.55,69.65,64.63,87.7,0.0,49.76
G01+G06,4,兰溪市,兰溪市队,兰溪市体育中心田径场看台,5000,义乌机场,85,143.26,211.71,57.66,41.19,68.34,51.86,66.99,0.0,47.18
G01+G06,5,浦江县,浦江县队,浦江县体育中心体育场,15050,义乌机场,25,135.23,221.26,59.79,38.54,76.13,46.29,83.35,0.0,47.0
G01+G07,1,义乌市,义乌市队,义乌市梅湖体育中心体育场,35260,义乌机场,10,137.69,201.79,67.04,43.95,79.5,73.71,90.9,0.0,54.17
G01+G07,2,东阳市,东阳市队,东阳市体育中心体育馆,5465,义乌机场,35,135.98,197.75,67.34,45.07,82.8,64.54,76.21,0.0,53.17
G01+G07,3,天台县,天台县队,天台县人民体育场,1500,台州路桥机场,95,142.53,189.38,58.29,47.39,79.68,48.4,57.87,0.0,50.72
G01+G07,4,磐安县,磐安县队,磐安县文体中心,3000,义乌机场,95,139.1,190.53,58.2,47.08,84.91,35.12,60.77,0.0,50.06
G01+G07,5,金华市,金华市队,金华市体育中心体育场,30000,义乌机场,55,150.45,214.01,55.91,40.55,69.13,64.63,87.7,0.0,49.16
G01+G08,1,天台县,天台县队,天台县人民体育场,1500,台州路桥机场,95,152.46,189.38,54.48,47.39,79.41,48.4,57.87,0.0,50.16
G01+G08,2,东阳市,东阳市队,东阳市体育中心体育馆,5465,义乌机场,35,142.19,216.89,64.96,39.75,76.18,64.54,76.21,0.0,49.05
G01+G08,3,义乌市,义乌市队,义乌市梅湖体育中心体育场,35260,义乌机场,10,142.03,230.18,65.37,36.06,71.96,73.71,90.9,0.0,48.39
G01+G08,4,临海市,临海市队,临海体育馆（灵湖体育馆）,5300,台州路桥机场,48,160.2,213.32,52.95,40.74,78.02,60.65,74.8,0.0,47.66
G01+G08,5,仙居县,仙居县队,仙居全民体育馆,,台州路桥机场,90,149.23,211.31,55.61,41.3,80.09,47.8,57.47,0.0,46.12
G01+G09,1,义乌市,义乌市队,义乌市梅湖体育中心体育场,35260,义乌机场,10,134.26,201.79,68.36,43.95,78.03,73.71,90.9,0.0,54.33
G01+G09,2,东阳市,东阳市队,东阳市体育中心体育馆,5465,义乌机场,35,129.54,197.75,69.82,45.07,78.71,64.54,76.21,0.0,53.43
G01+G09,3,天台县,天台县队,天台县人民体育场,1500,台州路桥机场,95,124.81,189.38,65.11,47.39,72.93,48.4,57.87,0.0,51.56
G01+G09,4,磐安县,磐安县队,磐安县文体中心,3000,义乌机场,95,121.09,190.53,65.13,47.08,79.39,35.12,60.77,0.0,50.94
G01+G09,5,金华市,金华市队,金华市体育中心体育场,30000,义乌机场,55,145.72,214.01,57.72,40.55,74.42,64.63,87.7,0.0,49.55
G01+G10,1,义乌市,义乌市队,义乌市梅湖体育中心体育场,35260,义乌机场,10,114.78,201.79,75.86,43.95,73.16,73.71,90.9,0.0,55.31
G01+G10,2,东阳市,东阳市队,东阳市体育中心体育馆,5465,义乌机场,35,114.63,197.75,75.55,45.07,76.05,64.54,76.21,0.0,54.21
G01+G10,3,天台县,天台县队,天台县人民体育场,1500,台州路桥机场,95,128.9,189.38,63.54,47.39,75.68,48.4,57.87,0.0,51.39
G01+G10,4,磐安县,磐安县队,磐安县文体中心,3000,义乌机场,95,118.62,190.53,66.08,47.08,81.42,35.12,60.77,0.0,51.12
G01+G10,5,金华市,金华市队,金华市体育中心体育场,30000,义乌机场,55,128.02,214.01,64.53,40.55,70.48,64.63,87.7,0.0,50.45
G01+G11,1,东阳市,东阳市队,东阳市体育中心体育馆,5465,义乌机场,35,162.89,205.09,56.99,43.03,82.42,64.54,76.21,0.0,50.27
G01+G11,2,义乌市,义乌市队,义乌市梅湖体育中心体育场,35260,义乌机场,10,163.92,219.42,56.95,39.05,80.37,73.71,90.9,0.0,49.39
G01+G11,3,磐安县,磐安县队,磐安县文体中心,3000,义乌机场,95,164.94,199.06,48.26,44.71,84.63,35.12,60.77,0.0,46.99
G01+G11,4,仙居县,仙居县队,仙居全民体育馆,,台州路桥机场,90,171.57,211.31,47.01,41.3,81.8,47.8,57.47,0.0,44.91
G01+G11,5,浦江县,浦江县队,浦江县体育中心体育场,15050,义乌机场,25,166.49,231.23,47.76,35.77,75.64,46.29,83.35,0.0,43.35
G01+G12,1,东阳市,东阳市队,东阳市体育中心体育馆,5465,义乌机场,35,129.95,197.75,69.66,45.07,73.15,64.54,76.21,0.0,53.28
G01+G12,2,金华市,金华市队,金华市体育中心体育场,30000,义乌机场,55,147.29,218.03,57.12,39.43,67.56,64.63,87.7,0.0,48.54
G01+G12,3,浦江县,浦江县队,浦江县体育中心体育场,15050,义乌机场,25,132.74,221.26,60.74,38.54,71.72,46.29,83.35,0.0,47.04
G01+G12,4,兰溪市,兰溪市队,兰溪市体育中心田径场看台,5000,义乌机场,85,151.71,211.71,54.41,41.19,67.06,51.86,66.99,0.0,46.68
G01+G12,5,义乌市,义乌市队,义乌市梅湖体育中心体育场,35260,义乌机场,10,128.89,201.79,70.43,43.95,70.28,73.71,90.9,8.0,46.45
G01+G13,1,义乌市,义乌市队,义乌市梅湖体育中心体育场,35260,义乌机场,10,128.09,212.16,70.73,41.07,70.55,73.71,90.9,0.0,52.54
G01+G13,2,金华市,金华市队,金华市体育中心体育场,30000,义乌机场,55,147.1,214.01,57.2,40.55,74.14,64.63,87.7,0.0,49.46
G01+G13,3,浦江县,浦江县队,浦江县体育中心体育场,15050,义乌机场,25,135.47,221.26,59.7,38.54,70.14,46.29,83.35,0.0,46.85
G01+G13,4,磐安县,磐安县队,磐安县文体中心,3000,义乌机场,95,127.93,209.51,62.5,41.8,73.55,35.12,60.77,0.0,46.83
G01+G13,5,兰溪市,兰溪市队,兰溪市体育中心田径场看台,5000,义乌机场,85,153.91,211.71,53.57,41.19,71.26,51.86,66.99,0.0,46.65
G01+G14,1,义乌市,义乌市队,义乌市梅湖体育中心体育场,35260,义乌机场,10,149.33,201.79,62.57,43.95,82.32,73.71,90.9,0.0,53.58
G01+G14,2,东阳市,东阳市队,东阳市体育中心体育馆,5465,义乌机场,35,145.62,197.75,63.64,45.07,84.72,64.54,76.21,0.0,52.67
G01+G14,3,天台县,天台县队,天台县人民体育场,1500,台州路桥机场,95,140.92,189.38,58.91,47.39,76.94,48.4,57.87,0.0,50.75
G01+G14,4,磐安县,磐安县队,磐安县文体中心,3000,义乌机场,95,142.28,190.53,56.98,47.08,87.57,35.12,60.77,0.0,49.94
G01+G14,5,临海市,临海市队,临海体育馆（灵湖体育馆）,5300,台州路桥机场,48,145.96,213.32,58.43,40.74,74.26,60.65,74.8,0.0,48.37
G01+G15,1,义乌市,义乌市队,义乌市梅湖体育中心体育场,35260,义乌机场,10,141.16,201.79,65.71,43.95,76.04,73.71,90.9,0.0,53.9
G01+G15,2,东阳市,东阳市队,东阳市体育中心体育馆,5465,义乌机场,35,142.28,197.75,64.92,45.07,77.2,64.54,76.21,0.0,52.69
G01+G15,3,金华市,金华市队,金华市体育中心体育场,30000,义乌机场,55,135.93,214.01,61.49,40.55,71.74,64.63,87.7,0.0,50.03
G01+G15,4,磐安县,磐安县队,磐安县文体中心,3000,义乌机场,95,139.31,190.53,58.12,47.08,77.91,35.12,60.77,0.0,49.88
G01+G15,5,兰溪市,兰溪市队,兰溪市体育中心田径场看台,5000,义乌机场,85,143.19,211.71,57.69,41.19,68.65,51.86,66.99,0.0,47.19
G01+G16,1,义乌市,义乌市队,义乌市梅湖体育中心体育场,35260,义乌机场,10,140.01,201.79,66.15,43.95,79.45,73.71,90.9,0.0,54.04
G01+G16,2,东阳市,东阳市队,东阳市体育中心体育馆,5465,义乌机场,35,138.88,197.75,66.23,45.07,80.09,64.54,76.21,0.0,52.94
G01+G16,3,磐安县,磐安县队,磐安县文体中心,3000,义乌机场,95,136.24,191.22,59.3,46.88,77.04,35.12,60.77,0.0,49.91
G01+G16,4,金华市,金华市队,金华市体育中心体育场,30000,义乌机场,55,145.37,214.01,57.86,40.55,73.76,64.63,87.7,0.0,49.55
G01+G16,5,兰溪市,兰溪市队,兰溪市体育中心田径场看台,5000,义乌机场,85,151.46,211.71,54.51,41.19,70.43,51.86,66.99,0.0,46.77
G02+G03,1,嵊州市,嵊州市队,嵊州市体育中心体育场,3000,宁波栎社国际机场,80,137.43,202.37,61.68,43.79,76.62,56.11,66.44,0.0,49.93
G02+G03,2,杭州市,杭州市队,杭州奥体中心体育场（大莲花）,80000,杭州萧山国际机场,27,138.19,237.88,65.95,33.92,65.24,99.14,100.0,0.0,49.24
G02+G03,3,新昌县,新昌县队,新昌县小球中心体育馆,5018,宁波栎社国际机场,80,141.1,206.95,58.84,42.52,76.65,50.59,69.73,0.0,48.61
G02+G03,4,诸暨市,诸暨市队,诸暨市体育中心体育场,10000,义乌机场,60,139.93,240.82,61.91,33.11,75.39,66.44,78.54,0.0,44.39
G02+G03,5,绍兴市,绍兴市队,绍兴市轻纺城体育中心体育场,30000,杭州萧山国际机场,35,125.1,212.3,69.19,41.03,67.39,79.52,85.57,8.0,44.1
G02+G04,1,宁海县,宁海县队,宁海县第一职业中学体育场,5000,宁波栎社国际机场,76,142.29,187.76,58.3,47.84,80.6,56.49,70.73,0.0,52.7
G02+G04,2,嵊州市,嵊州市队,嵊州市体育中心体育场,3000,宁波栎社国际机场,80,122.64,201.44,67.37,44.04,76.79,56.11,66.44,0.0,50.94
G02+G04,3,新昌县,新昌县队,新昌县小球中心体育馆,5018,宁波栎社国际机场,80,124.09,201.94,65.38,43.91,77.87,50.59,69.73,0.0,50.54
G02+G04,4,三门县,三门县队,三门县体育中心主体育场,25000,宁波栎社国际机场,70,146.56,207.1,55.57,42.47,79.9,44.97,77.8,0.0,48.56
G02+G04,5,杭州市,杭州市队,杭州奥体中心体育场（大莲花）,80000,杭州萧山国际机场,27,149.97,241.44,61.42,32.93,66.37,99.14,100.0,0.0,47.94
G02+G05,1,诸暨市,诸暨市队,诸暨市体育中心体育场,10000,义乌机场,60,156.79,240.82,55.43,33.11,73.38,66.44,78.54,0.0,43.41
G02+G05,2,天台县,天台县队,天台县人民体育场,1500,台州路桥机场,95,151.87,224.48,54.7,37.65,71.16,48.4,57.87,0.0,43.37
G02+G05,3,嵊州市,嵊州市队,嵊州市体育中心体育场,3000,宁波栎社国际机场,80,152.82,234.81,55.76,34.78,74.38,56.11,66.44,0.0,42.89
G02+G05,4,新昌县,新昌县队,新昌县小球中心体育馆,5018,宁波栎社国际机场,80,152.91,233.71,54.3,35.08,74.81,50.59,69.73,0.0,42.85
G02+G05,5,杭州市,杭州市队,杭州奥体中心体育场（大莲花）,80000,杭州萧山国际机场,27,180.08,263.66,49.84,26.76,65.21,99.14,100.0,0.0,42.03
G02+G06,1,杭州市,杭州市队,杭州奥体中心体育场（大莲花）,80000,杭州萧山国际机场,27,149.5,237.88,61.6,33.92,68.38,99.14,100.0,0.0,48.68
G02+G06,2,诸暨市,诸暨市队,诸暨市体育中心体育场,10000,义乌机场,60,140.38,240.82,61.74,33.11,73.64,66.44,78.54,0.0,44.33
G02+G06,3,嵊州市,嵊州市队,嵊州市体育中心体育场,3000,宁波栎社国际机场,80,142.63,238.64,59.68,33.71,71.44,56.11,66.44,0.0,42.67
G02+G06,4,新昌县,新昌县队,新昌县小球中心体育馆,5018,宁波栎社国际机场,80,145.54,244.72,57.14,32.02,70.63,50.59,69.73,0.0,41.09
G02+G06,5,绍兴市,绍兴市队,绍兴市轻纺城体育中心体育场,30000,杭州萧山国际机场,35,136.9,231.81,64.65,35.61,66.79,79.52,85.57,8.0,39.73
G02+G07,1,宁海县,宁海县队,宁海县第一职业中学体育场,5000,宁波栎社国际机场,76,157.28,191.25,52.53,46.88,85.49,56.49,70.73,0.0,51.32
G02+G07,2,嵊州市,嵊州市队,嵊州市体育中心体育场,3000,宁波栎社国际机场,80,132.82,201.44,63.45,44.04,77.8,56.11,66.44,0.0,50.39
G02+G07,3,新昌县,新昌县队,新昌县小球中心体育馆,5018,宁波栎社国际机场,80,136.27,201.94,60.7,43.91,80.19,50.59,69.73,0.0,49.91
G02+G07,4,宁波市,宁波市队,宁波富邦体育场,30000,宁波栎社国际机场,12,145.75,227.81,62.44,36.72,70.1,88.74,91.3,0.0,49.33
G02+G07,5,三门县,三门县队,三门县体育中心主体育场,25000,宁波栎社国际机场,70,163.38,207.1,49.1,42.47,85.74,44.97,77.8,0.0,47.76
G02+G08,1,嵊州市,嵊州市队,嵊州市体育中心体育场,3000,宁波栎社国际机场,80,152.01,201.93,56.07,43.91,79.16,56.11,66.44,0.0,49.26
G02+G08,2,新昌县,新昌县队,新昌县小球中心体育馆,5018,宁波栎社国际机场,80,153.62,201.94,54.03,43.91,81.49,50.59,69.73,0.0,48.97
G02+G08,3,三门县,三门县队,三门县体育中心主体育场,25000,宁波栎社国际机场,70,173.18,216.24,45.33,39.93,86.6,44.97,77.8,0.0,45.5
G02+G08,4,宁海县,宁海县队,宁海县第一职业中学体育场,5000,宁波栎社国际机场,76,170.17,221.08,47.57,38.59,85.51,56.49,70.73,0.0,44.96
G02+G08,5,宁波市,宁波市队,宁波富邦体育场,30000,宁波栎社国际机场,12,168.66,247.99,53.63,31.11,69.1,88.74,91.3,0.0,44.21
G02+G09,1,三门县,三门县队,三门县体育中心主体育场,25000,宁波栎社国际机场,70,145.39,207.1,56.01,42.47,76.76,44.97,77.8,0.0,48.56
G02+G09,2,嵊州市,嵊州市队,嵊州市体育中心体育场,3000,宁波栎社国际机场,80,132.53,212.61,63.56,40.94,69.91,56.11,66.44,0.0,48.12
G02+G09,3,宁海县,宁海县队,宁海县第一职业中学体育场,5000,宁波栎社国际机场,76,146.22,212.08,56.78,41.09,77.49,56.49,70.73,0.0,47.81
G02+G09,4,天台县,天台县队,天台县人民体育场,1500,台州路桥机场,95,133.11,224.48,61.92,37.65,74.05,48.4,57.87,0.0,44.48
G02+G09,5,诸暨市,诸暨市队,诸暨市体育中心体育场,10000,义乌机场,60,149.14,240.82,58.37,33.11,70.29,66.44,78.54,0.0,43.76
G02+G10,1,嵊州市,嵊州市队,嵊州市体育中心体育场,3000,宁波栎社国际机场,80,126.72,201.44,65.8,44.04,75.63,56.11,66.44,0.0,50.68
G02+G10,2,新昌县,新昌县队,新昌县小球中心体育馆,5018,宁波栎社国际机场,80,129.23,201.94,63.41,43.91,77.55,50.59,69.73,0.0,50.24
G02+G10,3,杭州市,杭州市队,杭州奥体中心体育场（大莲花）,80000,杭州萧山国际机场,27,149.67,237.88,61.53,33.92,64.71,99.14,100.0,0.0,48.59
G02+G10,4,三门县,三门县队,三门县体育中心主体育场,25000,宁波栎社国际机场,70,152.31,207.1,53.35,42.47,77.4,44.97,77.8,0.0,48.19
G02+G10,5,宁海县,宁海县队,宁海县第一职业中学体育场,5000,宁波栎社国际机场,76,151.05,211.43,54.93,41.27,80.14,56.49,70.73,0.0,47.73
G02+G11,1,诸暨市,诸暨市队,诸暨市体育中心体育场,10000,义乌机场,60,167.47,245.08,51.32,31.92,70.86,66.44,78.54,0.0,41.95
G02+G11,2,天台县,天台县队,天台县人民体育场,1500,台州路桥机场,95,178.0,235.98,44.65,34.45,79.66,48.4,57.87,0.0,39.93
G02+G11,3,新昌县,新昌县队,新昌县小球中心体育馆,5018,宁波栎社国际机场,80,166.05,245.18,49.24,31.89,73.96,50.59,69.73,0.0,39.93
G02+G11,4,临海市,临海市队,临海体育馆（灵湖体育馆）,5300,台州路桥机场,48,191.81,245.71,40.8,31.75,79.25,60.65,74.8,0.0,39.8
G02+G11,5,嵊州市,嵊州市队,嵊州市体育中心体育场,3000,宁波栎社国际机场,80,163.32,250.33,51.72,30.46,71.93,56.11,66.44,0.0,39.31
G02+G12,1,嵊州市,嵊州市队,嵊州市体育中心体育场,3000,宁波栎社国际机场,80,135.24,201.44,62.52,44.04,77.43,56.11,66.44,0.0,50.25
G02+G12,2,新昌县,新昌县队,新昌县小球中心体育馆,5018,宁波栎社国际机场,80,140.11,201.94,59.22,43.91,78.63,50.59,69.73,0.0,49.66
G02+G12,3,杭州市,杭州市队,杭州奥体中心体育场（大莲花）,80000,杭州萧山国际机场,27,135.83,237.88,66.86,33.92,67.76,99.14,100.0,0.0,49.43
G02+G12,4,宁波市,宁波市队,宁波富邦体育场,30000,宁波栎社国际机场,12,155.8,227.81,58.58,36.72,75.97,88.74,91.3,0.0,48.9
G02+G12,5,余姚市,余姚市队,余姚市公共体育中心（新建中）,18000,宁波栎社国际机场,58,135.44,227.28,61.57,36.87,71.68,62.69,75.8,0.0,46.34
G02+G13,1,临海市,临海市队,临海体育馆（灵湖体育馆）,5300,台州路桥机场,48,160.59,246.14,52.81,31.63,71.41,60.65,74.8,0.0,41.28
G02+G13,2,诸暨市,诸暨市队,诸暨市体育中心体育场,10000,义乌机场,60,133.22,259.51,64.5,27.91,62.74,66.44,78.54,0.0,40.95
G02+G13,3,台州市,台州市队,台州市体育中心体育场,42000,台州路桥机场,15,182.84,258.39,44.58,28.23,73.91,70.67,92.8,0.0,40.07
G02+G13,4,义乌市,义乌市队,义乌市梅湖体育中心体育场,35260,义乌机场,10,141.42,277.99,65.61,22.78,63.91,73.71,90.9,0.0,39.2
G02+G13,5,天台县,天台县队,天台县人民体育场,1500,台州路桥机场,95,141.89,254.75,58.54,29.23,68.26,48.4,57.87,0.0,38.14
G02+G14,1,新昌县,新昌县队,新昌县小球中心体育馆,5018,宁波栎社国际机场,80,143.79,210.0,57.81,41.67,78.03,50.59,69.73,0.0,47.92
G02+G14,2,嵊州市,嵊州市队,嵊州市体育中心体育场,3000,宁波栎社国际机场,80,143.19,213.58,59.46,40.67,76.05,56.11,66.44,0.0,47.48
G02+G14,3,三门县,三门县队,三门县体育中心主体育场,25000,宁波栎社国际机场,70,155.86,213.05,51.99,40.82,76.79,44.97,77.8,0.0,46.85
G02+G14,4,宁海县,宁海县队,宁海县第一职业中学体育场,5000,宁波栎社国际机场,76,152.72,228.15,54.28,36.63,76.13,56.49,70.73,0.0,44.38
G02+G14,5,天台县,天台县队,天台县人民体育场,1500,台州路桥机场,95,149.22,224.48,55.72,37.65,79.65,48.4,57.87,0.0,43.71
G02+G15,1,诸暨市,诸暨市队,诸暨市体育中心体育场,10000,义乌机场,60,164.66,240.82,52.4,33.11,70.54,66.44,78.54,0.0,42.9
G02+G15,2,嵊州市,嵊州市队,嵊州市体育中心体育场,3000,宁波栎社国际机场,80,167.21,236.82,50.23,34.22,72.51,56.11,66.44,0.0,41.66
G02+G15,3,新昌县,新昌县队,新昌县小球中心体育馆,5018,宁波栎社国际机场,80,168.25,241.58,48.4,32.89,74.25,50.59,69.73,0.0,40.49
G02+G15,4,东阳市,东阳市队,东阳市体育中心体育馆,5465,义乌机场,35,153.37,266.09,60.65,26.08,70.73,64.54,76.21,0.0,39.0
G02+G15,5,天台县,天台县队,天台县人民体育场,1500,台州路桥机场,95,169.13,244.18,48.07,32.17,76.86,48.4,57.87,0.0,38.81
G02+G16,1,新昌县,新昌县队,新昌县小球中心体育馆,5018,宁波栎社国际机场,80,152.72,207.01,54.37,42.5,76.31,50.59,69.73,0.0,47.94
G02+G16,2,嵊州市,嵊州市队,嵊州市体育中心体育场,3000,宁波栎社国际机场,80,151.16,215.68,56.4,40.09,75.23,56.11,66.44,0.0,46.62
G02+G16,3,宁海县,宁海县队,宁海县第一职业中学体育场,5000,宁波栎社国际机场,76,173.06,225.66,46.46,37.32,78.23,56.49,70.73,0.0,43.76
G02+G16,4,诸暨市,诸暨市队,诸暨市体育中心体育场,10000,义乌机场,60,151.86,240.82,57.33,33.11,72.03,66.44,78.54,0.0,43.65
G02+G16,5,天台县,天台县队,天台县人民体育场,1500,台州路桥机场,95,156.66,224.48,52.86,37.65,73.82,48.4,57.87,0.0,43.16
G03+G04,1,义乌市,义乌市队,义乌市梅湖体育中心体育场,35260,义乌机场,10,122.16,177.16,73.02,50.79,80.62,73.71,90.9,0.0,59.72
G03+G04,2,东阳市,东阳市队,东阳市体育中心体育馆,5465,义乌机场,35,118.89,171.23,73.92,52.44,80.83,64.54,76.21,0.0,59.09
G03+G04,3,诸暨市,诸暨市队,诸暨市体育中心体育场,10000,义乌机场,60,118.77,179.01,70.05,50.28,81.86,66.44,78.54,0.0,57.41
G03+G04,4,浦江县,浦江县队,浦江县体育中心体育场,15050,义乌机场,25,125.31,173.76,63.6,51.73,78.98,46.29,83.35,0.0,56.59
G03+G04,5,绍兴市,绍兴市队,绍兴市轻纺城体育中心体育场,30000,杭州萧山国际机场,35,125.05,208.93,69.21,41.96,77.01,79.52,85.57,0.0,52.95
G03+G05,1,义乌市,义乌市队,义乌市梅湖体育中心体育场,35260,义乌机场,10,139.23,177.16,66.45,50.79,88.9,73.71,90.9,0.0,58.95
G03+G05,2,东阳市,东阳市队,东阳市体育中心体育馆,5465,义乌机场,35,138.65,172.58,66.31,52.06,88.63,64.54,76.21,0.0,57.91
G03+G05,3,浦江县,浦江县队,浦江县体育中心体育场,15050,义乌机场,25,141.9,183.06,57.22,49.15,85.12,46.29,83.35,0.0,54.05
G03+G05,4,磐安县,磐安县队,磐安县文体中心,3000,义乌机场,95,139.1,188.42,58.2,47.66,81.9,35.12,60.77,0.0,50.39
G03+G05,5,诸暨市,诸暨市队,诸暨市体育中心体育场,10000,义乌机场,60,145.42,211.15,59.8,41.35,82.94,66.44,78.54,0.0,49.87
G03+G06,1,义乌市,义乌市队,义乌市梅湖体育中心体育场,35260,义乌机场,10,131.55,177.16,69.4,50.79,81.23,73.71,90.9,0.0,59.21
G03+G06,2,东阳市,东阳市队,东阳市体育中心体育馆,5465,义乌机场,35,132.42,179.06,68.71,50.26,80.06,64.54,76.21,0.0,56.84
G03+G06,3,浦江县,浦江县队,浦江县体育中心体育场,15050,义乌机场,25,130.61,173.76,61.56,51.73,84.54,46.29,83.35,0.0,56.42
G03+G06,4,诸暨市,诸暨市队,诸暨市体育中心体育场,10000,义乌机场,60,129.0,187.76,66.12,47.85,86.02,66.44,78.54,0.0,55.28
G03+G06,5,杭州市,杭州市队,杭州奥体中心体育场（大莲花）,80000,杭州萧山国际机场,27,135.46,210.39,67.0,41.56,72.64,99.14,100.0,0.0,54.76
G03+G07,1,义乌市,义乌市队,义乌市梅湖体育中心体育场,35260,义乌机场,10,135.63,177.16,67.83,50.79,84.9,73.71,90.9,0.0,59.06
G03+G07,2,东阳市,东阳市队,东阳市体育中心体育馆,5465,义乌机场,35,134.48,171.23,67.92,52.44,87.65,64.54,76.21,0.0,58.37
G03+G07,3,浦江县,浦江县队,浦江县体育中心体育场,15050,义乌机场,25,135.77,180.27,59.58,49.92,81.85,46.29,83.35,0.0,54.84
G03+G07,4,诸暨市,诸暨市队,诸暨市体育中心体育场,10000,义乌机场,60,126.99,196.48,66.89,45.42,84.5,66.44,78.54,0.0,53.71
G03+G07,5,嵊州市,嵊州市队,嵊州市体育中心体育场,3000,宁波栎社国际机场,80,129.32,202.37,64.8,43.79,80.62,56.11,66.44,0.0,50.48
G03+G08,1,嵊州市,嵊州市队,嵊州市体育中心体育场,3000,宁波栎社国际机场,80,148.51,202.37,57.42,43.79,81.39,56.11,66.44,0.0,49.42
G03+G08,2,东阳市,东阳市队,东阳市体育中心体育馆,5465,义乌机场,35,140.68,216.89,65.53,39.75,79.31,64.54,76.21,0.0,49.21
G03+G08,3,义乌市,义乌市队,义乌市梅湖体育中心体育场,35260,义乌机场,10,139.97,230.18,66.16,36.06,75.54,73.71,90.9,0.0,48.59
G03+G08,4,诸暨市,诸暨市队,诸暨市体育中心体育场,10000,义乌机场,60,143.81,219.03,60.42,39.16,80.11,66.44,78.54,0.0,48.4
G03+G08,5,新昌县,新昌县队,新昌县小球中心体育馆,5018,宁波栎社国际机场,80,149.84,206.95,55.48,42.52,80.65,50.59,69.73,0.0,48.21
G03+G09,1,义乌市,义乌市队,义乌市梅湖体育中心体育场,35260,义乌机场,10,132.21,177.16,69.15,50.79,83.04,73.71,90.9,0.0,59.21
G03+G09,2,东阳市,东阳市队,东阳市体育中心体育馆,5465,义乌机场,35,128.04,171.23,70.4,52.44,82.51,64.54,76.21,0.0,58.62
G03+G09,3,浦江县,浦江县队,浦江县体育中心体育场,15050,义乌机场,25,140.36,188.54,57.81,47.63,82.69,46.29,83.35,0.0,53.04
G03+G09,4,磐安县,磐安县队,磐安县文体中心,3000,义乌机场,95,124.17,188.42,63.95,47.66,78.6,35.12,60.77,0.0,51.15
G03+G09,5,诸暨市,诸暨市队,诸暨市体育中心体育场,10000,义乌机场,60,137.77,214.7,62.75,40.36,79.34,66.44,78.54,0.0,49.54
G03+G10,1,义乌市,义乌市队,义乌市梅湖体育中心体育场,35260,义乌机场,10,112.72,177.16,76.65,50.79,77.47,73.71,90.9,0.0,60.18
G03+G10,2,东阳市,东阳市队,东阳市体育中心体育馆,5465,义乌机场,35,113.12,171.23,76.13,52.44,79.6,64.54,76.21,0.0,59.38
G03+G10,3,绍兴市,绍兴市队,绍兴市轻纺城体育中心体育场,30000,杭州萧山国际机场,35,127.19,205.62,68.39,42.88,73.57,79.52,85.57,0.0,53.38
G03+G10,4,杭州市,杭州市队,杭州奥体中心体育场（大莲花）,80000,杭州萧山国际机场,27,135.63,217.65,66.93,39.54,68.46,99.14,100.0,0.0,53.29
G03+G10,5,诸暨市,诸暨市队,诸暨市体育中心体育场,10000,义乌机场,60,110.18,164.44,73.36,54.32,73.88,66.44,78.54,8.0,52.46
G03+G11,1,东阳市,东阳市队,东阳市体育中心体育馆,5465,义乌机场,35,161.38,205.09,57.57,43.03,86.46,64.54,76.21,0.0,50.44
G03+G11,2,义乌市,义乌市队,义乌市梅湖体育中心体育场,35260,义乌机场,10,161.87,219.42,57.74,39.05,85.27,73.71,90.9,0.0,49.62
G03+G11,3,磐安县,磐安县队,磐安县文体中心,3000,义乌机场,95,168.01,199.06,47.08,44.71,85.49,35.12,60.77,0.0,46.84
G03+G11,4,仙居县,仙居县队,仙居全民体育馆,,台州路桥机场,90,178.81,205.28,44.23,42.98,80.36,47.8,57.47,0.0,45.61
G03+G11,5,浦江县,浦江县队,浦江县体育中心体育场,15050,义乌机场,25,161.88,231.23,49.54,35.77,81.95,46.29,83.35,0.0,43.75
G03+G12,1,诸暨市,诸暨市队,诸暨市体育中心体育场,10000,义乌机场,60,120.81,157.0,69.27,56.39,84.53,66.44,78.54,0.0,61.51
G03+G12,2,杭州市,杭州市队,杭州奥体中心体育场（大莲花）,80000,杭州萧山国际机场,27,121.79,202.13,72.26,43.85,73.46,99.14,100.0,0.0,57.11
G03+G12,3,浦江县,浦江县队,浦江县体育中心体育场,15050,义乌机场,25,128.12,175.04,62.52,51.38,78.45,46.29,83.35,0.0,56.18
G03+G12,4,绍兴市,绍兴市队,绍兴市轻纺城体育中心体育场,30000,杭州萧山国际机场,35,121.32,204.04,70.64,43.32,77.88,79.52,85.57,0.0,54.11
G03+G12,5,东阳市,东阳市队,东阳市体育中心体育馆,5465,义乌机场,35,128.44,195.76,70.24,45.62,76.05,64.54,76.21,0.0,53.81
G03+G13,1,义乌市,义乌市队,义乌市梅湖体育中心体育场,35260,义乌机场,10,126.04,212.16,71.52,41.07,74.17,73.71,90.9,0.0,52.74
G03+G13,2,金华市,金华市队,金华市体育中心体育场,30000,义乌机场,55,147.08,221.22,57.2,38.55,76.36,64.63,87.7,0.0,48.15
G03+G13,3,浦江县,浦江县队,浦江县体育中心体育场,15050,义乌机场,25,130.85,219.38,61.47,39.06,76.3,46.29,83.35,0.0,47.6
G03+G13,4,磐安县,磐安县队,磐安县文体中心,3000,义乌机场,95,131.01,209.51,61.32,41.8,73.1,35.12,60.77,0.0,46.65
G03+G13,5,永康市,永康市队,永康市体育馆,2600,义乌机场,90,143.4,219.62,58.37,38.99,76.74,57.43,62.63,0.0,45.93
G03+G14,1,义乌市,义乌市队,义乌市梅湖体育中心体育场,35260,义乌机场,10,147.27,177.16,63.36,50.79,88.55,73.71,90.9,0.0,58.5
G03+G14,2,东阳市,东阳市队,东阳市体育中心体育馆,5465,义乌机场,35,144.11,171.23,64.22,52.44,90.18,64.54,76.21,0.0,57.89
G03+G14,3,诸暨市,诸暨市队,诸暨市体育中心体育场,10000,义乌机场,60,142.46,202.16,60.94,43.84,78.96,66.44,78.54,0.0,51.64
G03+G14,4,浦江县,浦江县队,浦江县体育中心体育场,15050,义乌机场,25,151.06,196.12,53.7,45.52,83.63,46.29,83.35,0.0,51.04
G03+G14,5,磐安县,磐安县队,磐安县文体中心,3000,义乌机场,95,145.35,188.42,55.8,47.66,87.38,35.12,60.77,0.0,50.16
G03+G15,1,义乌市,义乌市队,义乌市梅湖体育中心体育场,35260,义乌机场,10,139.11,197.8,66.5,45.06,80.38,73.71,90.9,0.0,54.87
G03+G15,2,东阳市,东阳市队,东阳市体育中心体育馆,5465,义乌机场,35,140.77,192.69,65.5,46.48,80.49,64.54,76.21,0.0,53.8
G03+G15,3,磐安县,磐安县队,磐安县文体中心,3000,义乌机场,95,142.38,189.37,56.94,47.4,77.72,35.12,60.77,0.0,49.93
G03+G15,4,金华市,金华市队,金华市体育中心体育场,30000,义乌机场,55,135.91,221.22,61.5,38.55,73.75,64.63,87.7,0.0,48.72
G03+G15,5,浦江县,浦江县队,浦江县体育中心体育场,15050,义乌机场,25,142.71,218.14,56.91,39.4,80.32,46.29,83.35,0.0,47.26
G03+G16,1,义乌市,义乌市队,义乌市梅湖体育中心体育场,35260,义乌机场,10,137.95,189.1,66.94,47.47,84.76,73.71,90.9,0.0,56.67
G03+G16,2,东阳市,东阳市队,东阳市体育中心体育馆,5465,义乌机场,35,137.38,183.74,66.81,48.96,84.03,64.54,76.21,0.0,55.76
G03+G16,3,磐安县,磐安县队,磐安县文体中心,3000,义乌机场,95,139.32,191.22,58.12,46.88,76.76,35.12,60.77,0.0,49.73
G03+G16,4,浦江县,浦江县队,浦江县体育中心体育场,15050,义乌机场,25,140.17,209.68,57.89,41.76,84.25,46.29,83.35,0.0,49.09
G03+G16,5,金华市,金华市队,金华市体育中心体育场,30000,义乌机场,55,145.35,221.22,57.87,38.55,75.94,64.63,87.7,0.0,48.24
G04+G05,1,义乌市,义乌市队,义乌市梅湖体育中心体育场,35260,义乌机场,10,119.17,164.55,74.17,54.29,80.53,73.71,90.9,0.0,62.27
G04+G05,2,东阳市,东阳市队,东阳市体育中心体育馆,5465,义乌机场,35,116.13,172.58,74.98,52.06,80.52,64.54,76.21,0.0,58.98
G04+G05,3,永康市,永康市队,永康市体育馆,2600,义乌机场,90,114.95,181.35,69.31,49.62,83.33,57.43,62.63,0.0,54.9
G04+G05,4,浦江县,浦江县队,浦江县体育中心体育场,15050,义乌机场,25,127.26,183.06,62.85,49.15,76.53,46.29,83.35,0.0,54.67
G04+G05,5,仙居县,仙居县队,仙居全民体育馆,,台州路桥机场,90,110.52,184.3,70.49,48.81,74.35,47.8,57.47,0.0,53.26
G04+G06,1,义乌市,义乌市队,义乌市梅湖体育中心体育场,35260,义乌机场,10,111.49,176.51,77.12,50.97,76.74,73.71,90.9,0.0,60.35
G04+G06,2,浦江县,浦江县队,浦江县体育中心体育场,15050,义乌机场,25,115.98,166.13,67.19,53.85,77.71,46.29,83.35,0.0,58.53
G04+G06,3,东阳市,东阳市队,东阳市体育中心体育馆,5465,义乌机场,35,109.9,179.06,77.37,50.26,75.78,64.54,76.21,0.0,58.0
G04+G06,4,诸暨市,诸暨市队,诸暨市体育中心体育场,10000,义乌机场,60,119.21,187.76,69.88,47.85,79.45,66.44,78.54,0.0,55.67
G04+G06,5,金华市,金华市队,金华市体育中心体育场,30000,义乌机场,55,123.86,206.24,66.13,42.71,72.79,64.63,87.7,0.0,52.2
G04+G07,1,义乌市,义乌市队,义乌市梅湖体育中心体育场,35260,义乌机场,10,115.57,158.21,75.55,56.05,78.73,73.71,90.9,0.0,63.63
G04+G07,2,东阳市,东阳市队,东阳市体育中心体育馆,5465,义乌机场,35,111.95,150.84,76.58,58.1,80.97,64.54,76.21,0.0,63.33
G04+G07,3,天台县,天台县队,天台县人民体育场,1500,台州路桥机场,95,120.88,156.91,66.62,56.41,85.29,48.4,57.87,0.0,58.19
G04+G07,4,新昌县,新昌县队,新昌县小球中心体育馆,5018,宁波栎社国际机场,80,115.47,168.64,68.7,53.15,83.38,50.59,69.73,0.0,57.44
G04+G07,5,嵊州市,嵊州市队,嵊州市体育中心体育场,3000,宁波栎社国际机场,80,114.53,177.72,70.49,50.63,82.24,56.11,66.44,0.0,56.0
G04+G08,1,天台县,天台县队,天台县人民体育场,1500,台州路桥机场,95,130.81,178.75,62.8,50.35,82.08,48.4,57.87,0.0,53.44
G04+G08,2,临海市,临海市队,临海体育馆（灵湖体育馆）,5300,台州路桥机场,48,138.69,192.83,61.23,46.44,80.54,60.65,74.8,0.0,52.79
G04+G08,3,新昌县,新昌县队,新昌县小球中心体育馆,5018,宁波栎社国际机场,80,132.82,192.94,62.02,46.4,80.41,50.59,69.73,0.0,51.81
G04+G08,4,东阳市,东阳市队,东阳市体育中心体育馆,5465,义乌机场,35,118.16,216.89,74.2,39.75,73.57,64.54,76.21,0.0,50.33
G04+G08,5,嵊州市,嵊州市队,嵊州市体育中心体育场,3000,宁波栎社国际机场,80,133.72,201.93,63.11,43.91,79.76,56.11,66.44,0.0,50.29
G04+G09,1,义乌市,义乌市队,义乌市梅湖体育中心体育场,35260,义乌机场,10,112.14,169.02,76.87,53.05,78.05,73.71,90.9,0.0,61.76
G04+G09,2,仙居县,仙居县队,仙居全民体育馆,,台州路桥机场,90,94.14,145.57,76.79,59.56,82.55,47.8,57.47,0.0,61.68
G04+G09,3,东阳市,东阳市队,东阳市体育中心体育馆,5465,义乌机场,35,105.51,167.74,79.06,53.41,78.74,64.54,76.21,0.0,60.45
G04+G09,4,临海市,临海市队,临海体育馆（灵湖体育馆）,5300,台州路桥机场,48,106.42,175.07,73.64,51.37,81.74,60.65,74.8,0.0,57.98
G04+G09,5,天台县,天台县队,天台县人民体育场,1500,台州路桥机场,95,103.16,175.36,73.44,51.29,80.79,48.4,57.87,0.0,55.59
G04+G10,1,东阳市,东阳市队,东阳市体育中心体育馆,5465,义乌机场,35,90.6,141.41,84.8,60.72,79.6,64.54,76.21,0.0,66.28
G04+G10,2,义乌市,义乌市队,义乌市梅湖体育中心体育场,35260,义乌机场,10,92.66,155.16,84.36,56.9,76.94,73.71,90.9,0.0,65.44
G04+G10,3,仙居县,仙居县队,仙居全民体育馆,,台州路桥机场,90,101.24,145.57,74.06,59.56,83.48,47.8,57.47,0.0,61.31
G04+G10,4,临海市,临海市队,临海体育馆（灵湖体育馆）,5300,台州路桥机场,48,115.8,175.07,70.03,51.37,79.0,60.65,74.8,0.0,57.39
G04+G10,5,天台县,天台县队,天台县人民体育场,1500,台州路桥机场,95,107.25,167.5,71.86,53.47,83.68,48.4,57.87,0.0,56.92
G04+G11,1,东阳市,东阳市队,东阳市体育中心体育馆,5465,义乌机场,35,138.86,205.09,66.24,43.03,74.37,64.54,76.21,0.0,51.43
G04+G11,2,义乌市,义乌市队,义乌市梅湖体育中心体育场,35260,义乌机场,10,141.81,219.42,65.46,39.05,74.1,73.71,90.9,0.0,50.48
G04+G11,3,仙居县,仙居县队,仙居全民体育馆,,台州路桥机场,90,145.79,205.19,56.93,43.0,73.32,47.8,57.47,0.0,47.31
G04+G11,4,浦江县,浦江县队,浦江县体育中心体育场,15050,义乌机场,25,147.24,231.23,55.17,35.77,72.02,46.29,83.35,0.0,44.35
G04+G11,5,诸暨市,诸暨市队,诸暨市体育中心体育场,10000,义乌机场,60,146.3,245.08,59.46,31.92,71.25,66.44,78.54,0.0,43.14
G04+G12,1,诸暨市,诸暨市队,诸暨市体育中心体育场,10000,义乌机场,60,111.02,179.01,73.03,50.28,79.23,66.44,78.54,0.0,57.78
G04+G12,2,浦江县,浦江县队,浦江县体育中心体育场,15050,义乌机场,25,113.49,175.04,68.15,51.38,73.43,46.29,83.35,0.0,56.89
G04+G12,3,东阳市,东阳市队,东阳市体育中心体育馆,5465,义乌机场,35,105.92,195.76,78.9,45.62,73.09,64.54,76.21,0.0,55.0
G04+G12,4,嵊州市,嵊州市队,嵊州市体育中心体育场,3000,宁波栎社国际机场,80,116.95,182.29,69.55,49.36,81.26,56.11,66.44,0.0,54.98
G04+G12,5,绍兴市,绍兴市队,绍兴市轻纺城体育中心体育场,30000,杭州萧山国际机场,35,121.87,208.93,70.43,41.96,78.16,79.52,85.57,0.0,53.16
G04+G13,1,永康市,永康市队,永康市体育馆,2600,义乌机场,90,116.05,181.35,68.89,49.62,76.64,57.43,62.63,0.0,54.69
G04+G13,2,义乌市,义乌市队,义乌市梅湖体育中心体育场,35260,义乌机场,10,105.97,212.16,79.24,41.07,71.59,73.71,90.9,0.0,53.8
G04+G13,3,金华市,金华市队,金华市体育中心体育场,30000,义乌机场,55,131.0,203.49,63.38,43.47,76.8,64.63,87.7,0.0,52.41
G04+G13,4,缙云县,缙云县队,,,义乌机场,65,124.88,194.73,63.78,45.91,77.38,44.58,59.66,0.0,50.38
G04+G13,5,武义县,武义县队,武义县文体中心体育馆(新建),3000,义乌机场,60,126.17,199.46,64.94,44.59,77.61,47.78,64.41,0.0,50.28
G04+G14,1,东阳市,东阳市队,东阳市体育中心体育馆,5465,义乌机场,35,121.59,160.55,72.88,55.4,79.99,64.54,76.21,0.0,60.94
G04+G14,2,义乌市,义乌市队,义乌市梅湖体育中心体育场,35260,义乌机场,10,127.21,174.86,71.07,51.43,78.62,73.71,90.9,0.0,59.83
G04+G14,3,仙居县,仙居县队,仙居全民体育馆,,台州路桥机场,90,116.67,168.14,68.13,53.29,80.74,47.8,57.47,0.0,56.11
G04+G14,4,临海市,临海市队,临海体育馆（灵湖体育馆）,5300,台州路桥机场,48,124.45,184.23,66.71,48.83,79.39,60.65,74.8,0.0,55.19
G04+G14,5,永康市,永康市队,永康市体育馆,2600,义乌机场,90,128.66,188.55,64.04,47.63,79.11,57.43,62.63,0.0,52.68
G04+G15,1,义乌市,义乌市队,义乌市梅湖体育中心体育场,35260,义乌机场,10,119.04,197.8,74.21,45.06,74.71,73.71,90.9,0.0,55.86
G04+G15,2,东阳市,东阳市队,东阳市体育中心体育馆,5465,义乌机场,35,118.25,192.69,74.16,46.48,74.47,64.54,76.21,0.0,54.92
G04+G15,3,金华市,金华市队,金华市体育中心体育场,30000,义乌机场,55,119.84,203.49,67.68,43.47,75.7,64.63,87.7,0.0,53.01
G04+G15,4,缙云县,缙云县队,,,义乌机场,65,106.68,194.73,70.77,45.91,75.61,44.58,59.66,0.0,51.36
G04+G15,5,武义县,武义县队,武义县文体中心体育馆(新建),3000,义乌机场,60,110.65,199.46,70.91,44.59,75.85,47.78,64.41,0.0,51.11
G04+G16,1,义乌市,义乌市队,义乌市梅湖体育中心体育场,35260,义乌机场,10,117.89,189.1,74.66,47.47,78.16,73.71,90.9,0.0,57.65
G04+G16,2,东阳市,东阳市队,东阳市体育中心体育馆,5465,义乌机场,35,114.85,183.74,75.47,48.96,77.8,64.54,76.21,0.0,56.88
G04+G16,3,金华市,金华市队,金华市体育中心体育场,30000,义乌机场,55,129.28,203.49,64.05,43.47,76.62,64.63,87.7,0.0,52.5
G04+G16,4,永康市,永康市队,永康市体育馆,2600,义乌机场,90,115.76,197.83,69.0,45.05,76.1,57.43,62.63,0.0,51.58
G04+G16,5,武义县,武义县队,武义县文体中心体育馆(新建),3000,义乌机场,60,123.05,199.46,66.14,44.59,76.2,47.78,64.41,0.0,50.43
G05+G06,1,义乌市,义乌市队,义乌市梅湖体育中心体育场,35260,义乌机场,10,128.57,176.51,70.55,50.97,80.82,73.71,90.9,0.0,59.49
G05+G06,2,东阳市,东阳市队,东阳市体育中心体育馆,5465,义乌机场,35,129.67,179.06,69.77,50.26,79.37,64.54,76.21,0.0,56.97
G05+G06,3,浦江县,浦江县队,浦江县体育中心体育场,15050,义乌机场,25,132.56,183.06,60.81,49.15,81.46,46.29,83.35,0.0,54.49
G05+G06,4,金华市,金华市队,金华市体育中心体育场,30000,义乌机场,55,125.87,206.24,65.36,42.71,76.32,64.63,87.7,0.0,52.17
G05+G06,5,兰溪市,兰溪市队,兰溪市体育中心田径场看台,5000,义乌机场,85,131.13,196.92,62.33,45.3,75.31,51.86,66.99,0.0,50.82
G05+G07,1,义乌市,义乌市队,义乌市梅湖体育中心体育场,35260,义乌机场,10,132.65,164.55,68.98,54.29,84.22,73.71,90.9,0.0,61.6
G05+G07,2,东阳市,东阳市队,东阳市体育中心体育馆,5465,义乌机场,35,131.72,172.58,68.98,52.06,86.46,64.54,76.21,0.0,58.24
G05+G07,3,磐安县,磐安县队,磐安县文体中心,3000,义乌机场,95,129.48,167.93,61.9,53.35,85.11,35.12,60.77,0.0,54.87
G05+G07,4,浦江县,浦江县队,浦江县体育中心体育场,15050,义乌机场,25,137.71,183.06,58.83,49.15,79.27,46.29,83.35,0.0,54.15
G05+G07,5,金华市,金华市队,金华市体育中心体育场,30000,义乌机场,55,136.37,198.01,61.32,45.0,74.37,64.63,87.7,0.0,53.09
G05+G08,1,东阳市,东阳市队,东阳市体育中心体育馆,5465,义乌机场,35,137.93,216.89,66.59,39.75,78.41,64.54,76.21,0.0,49.34
G05+G08,2,义乌市,义乌市队,义乌市梅湖体育中心体育场,35260,义乌机场,10,136.99,230.18,67.31,36.06,75.01,73.71,90.9,0.0,48.74
G05+G08,3,诸暨市,诸暨市队,诸暨市体育中心体育场,10000,义乌机场,60,160.67,219.03,53.94,39.16,78.31,66.44,78.54,0.0,47.42
G05+G08,4,仙居县,仙居县队,仙居全民体育馆,,台州路桥机场,90,134.81,210.79,61.15,41.45,75.17,47.8,57.47,0.0,46.91
G05+G08,5,磐安县,磐安县队,磐安县文体中心,3000,义乌机场,95,133.26,214.82,60.45,40.33,79.46,35.12,60.77,0.0,45.67
G05+G09,1,永康市,永康市队,永康市体育馆,2600,义乌机场,90,110.49,142.65,71.03,60.37,84.25,57.43,62.63,0.0,62.49
G05+G09,2,丽水市,丽水市队,丽水市体育中心体育场,19000,丽水机场(在建),15,109.55,153.06,71.76,57.48,81.02,53.02,80.76,0.0,61.92
G05+G09,3,义乌市,义乌市队,义乌市梅湖体育中心体育场,35260,义乌机场,10,129.22,169.02,70.3,53.05,82.56,73.71,90.9,0.0,60.91
G05+G09,4,东阳市,东阳市队,东阳市体育中心体育馆,5465,义乌机场,35,125.28,172.58,71.46,52.06,81.86,64.54,76.21,0.0,58.5
G05+G09,5,武义县,武义县队,武义县文体中心体育馆(新建),3000,义乌机场,60,118.34,163.72,67.95,54.52,83.84,47.78,64.41,0.0,57.62
G05+G10,1,永康市,永康市队,永康市体育馆,2600,义乌机场,90,106.7,136.3,72.48,62.14,88.27,57.43,62.63,0.0,63.99
G05+G10,2,义乌市,义乌市队,义乌市梅湖体育中心体育场,35260,义乌机场,10,109.74,164.55,77.79,54.29,77.67,73.71,90.9,0.0,62.73
G05+G10,3,丽水市,丽水市队,丽水市体育中心体育场,19000,丽水机场(在建),15,115.2,153.06,69.58,57.48,84.08,53.02,80.76,0.0,61.67
G05+G10,4,缙云县,缙云县队,,,义乌机场,65,109.21,146.74,69.8,59.24,89.12,44.58,59.66,0.0,60.59
G05+G10,5,东阳市,东阳市队,东阳市体育中心体育馆,5465,义乌机场,35,110.37,172.58,77.19,52.06,79.47,64.54,76.21,0.0,59.28
G05+G11,1,东阳市,东阳市队,东阳市体育中心体育馆,5465,义乌机场,35,158.63,205.09,58.63,43.03,84.3,64.54,76.21,0.0,50.55
G05+G11,2,义乌市,义乌市队,义乌市梅湖体育中心体育场,35260,义乌机场,10,158.89,219.42,58.89,39.05,83.51,73.71,90.9,0.0,49.74
G05+G11,3,磐安县,磐安县队,磐安县文体中心,3000,义乌机场,95,155.33,199.06,51.96,44.71,81.6,35.12,60.77,0.0,47.46
G05+G11,4,仙居县,仙居县队,仙居全民体育馆,,台州路桥机场,90,157.15,205.19,52.56,43.0,73.7,47.8,57.47,0.0,46.69
G05+G11,5,浦江县,浦江县队,浦江县体育中心体育场,15050,义乌机场,25,163.83,231.23,48.79,35.77,79.9,46.29,83.35,0.0,43.6
G05+G12,1,浦江县,浦江县队,浦江县体育中心体育场,15050,义乌机场,25,130.07,183.06,61.77,49.15,76.1,46.29,83.35,0.0,54.51
G05+G12,2,东阳市,东阳市队,东阳市体育中心体育馆,5465,义乌机场,35,125.69,195.76,71.3,45.62,75.56,64.54,76.21,0.0,53.95
G05+G12,3,诸暨市,诸暨市队,诸暨市体育中心体育场,10000,义乌机场,60,137.67,211.15,62.79,41.35,78.02,66.44,78.54,0.0,50.19
G05+G12,4,金华市,金华市队,金华市体育中心体育场,30000,义乌机场,55,133.21,218.03,62.53,39.43,72.85,64.63,87.7,0.0,49.45
G05+G12,5,义乌市,义乌市队,义乌市梅湖体育中心体育场,35260,义乌机场,10,123.85,191.88,72.37,46.7,73.68,73.71,90.9,8.0,48.69
G05+G13,1,金华市,金华市队,金华市体育中心体育场,30000,义乌机场,55,133.02,180.56,62.61,49.85,81.23,64.63,87.7,0.0,56.73
G05+G13,2,永康市,永康市队,永康市体育馆,2600,义乌机场,90,122.47,170.97,66.42,52.51,83.27,57.43,62.63,0.0,56.44
G05+G13,3,武义县,武义县队,武义县文体中心体育馆(新建),3000,义乌机场,60,127.6,181.59,64.39,49.56,84.11,47.78,64.41,0.0,53.73
G05+G13,4,义乌市,义乌市队,义乌市梅湖体育中心体育场,35260,义乌机场,10,123.05,212.16,72.67,41.07,74.01,73.71,90.9,0.0,52.9
G05+G13,5,缙云县,缙云县队,,,义乌机场,65,125.83,184.62,63.41,48.72,84.73,44.58,59.66,0.0,52.4
G05+G14,1,义乌市,义乌市队,义乌市梅湖体育中心体育场,35260,义乌机场,10,144.29,174.86,64.5,51.43,87.07,73.71,90.9,0.0,59.06
G05+G14,2,东阳市,东阳市队,东阳市体育中心体育馆,5465,义乌机场,35,141.36,172.58,65.27,52.06,88.22,64.54,76.21,0.0,57.75
G05+G14,3,磐安县,磐安县队,磐安县文体中心,3000,义乌机场,95,132.67,167.93,60.68,53.35,87.28,35.12,60.77,0.0,54.74
G05+G14,4,永康市,永康市队,永康市体育馆,2600,义乌机场,90,135.09,188.55,61.57,47.63,88.35,57.43,62.63,0.0,52.53
G05+G14,5,仙居县,仙居县队,仙居全民体育馆,,台州路桥机场,90,128.03,184.3,63.76,48.81,77.75,47.8,57.47,0.0,52.36
G05+G15,1,丽水市,丽水市队,丽水市体育中心体育场,19000,丽水机场(在建),15,105.25,153.06,73.41,57.48,82.74,53.02,80.76,0.0,62.2
G05+G15,2,缙云县,缙云县队,,,义乌机场,65,107.63,156.36,70.41,56.57,82.0,44.58,59.66,0.0,58.7
G05+G15,3,武义县,武义县队,武义县文体中心体育馆(新建),3000,义乌机场,60,112.08,162.96,70.36,54.73,81.46,47.78,64.41,0.0,58.06
G05+G15,4,金华市,金华市队,金华市体育中心体育场,30000,义乌机场,55,121.85,188.93,66.9,47.52,79.65,64.63,87.7,0.0,55.74
G05+G15,5,松阳县,松阳县队,松阳县体育中心,,丽水机场(在建),70,108.93,168.54,69.34,53.18,78.73,37.45,55.51,0.0,55.36
G05+G16,1,义乌市,义乌市队,义乌市梅湖体育中心体育场,35260,义乌机场,10,134.97,189.1,68.09,47.47,84.0,73.71,90.9,0.0,56.82
G05+G16,2,金华市,金华市队,金华市体育中心体育场,30000,义乌机场,55,131.29,181.39,63.27,49.61,80.98,64.63,87.7,0.0,56.67
G05+G16,3,东阳市,东阳市队,东阳市体育中心体育馆,5465,义乌机场,35,134.62,183.74,67.87,48.96,82.99,64.54,76.21,0.0,55.89
G05+G16,4,武义县,武义县队,武义县文体中心体育馆(新建),3000,义乌机场,60,124.48,194.61,65.59,45.94,82.13,47.78,64.41,0.0,51.4
G05+G16,5,永康市,永康市队,永康市体育馆,2600,义乌机场,90,122.18,197.83,66.53,45.05,82.49,57.43,62.63,0.0,51.37
G06+G07,1,义乌市,义乌市队,义乌市梅湖体育中心体育场,35260,义乌机场,10,124.97,176.51,71.94,50.97,78.65,73.71,90.9,0.0,59.64
G06+G07,2,东阳市,东阳市队,东阳市体育中心体育馆,5465,义乌机场,35,125.49,179.06,71.38,50.26,79.2,64.54,76.21,0.0,57.2
G06+G07,3,浦江县,浦江县队,浦江县体育中心体育场,15050,义乌机场,25,126.43,180.27,63.17,49.92,79.34,46.29,83.35,0.0,55.31
G06+G07,4,诸暨市,诸暨市队,诸暨市体育中心体育场,10000,义乌机场,60,127.43,196.48,66.72,45.42,81.78,66.44,78.54,0.0,53.62
G06+G07,5,金华市,金华市队,金华市体育中心体育场,30000,义乌机场,55,131.74,206.24,63.1,42.71,68.27,64.63,87.7,0.0,51.66
G06+G08,1,东阳市,东阳市队,东阳市体育中心体育馆,5465,义乌机场,35,131.7,216.89,68.99,39.75,72.93,64.54,76.21,0.0,49.56
G06+G08,2,义乌市,义乌市队,义乌市梅湖体育中心体育场,35260,义乌机场,10,129.31,230.18,70.27,36.06,70.91,73.71,90.9,0.0,49.08
G06+G08,3,诸暨市,诸暨市队,诸暨市体育中心体育场,10000,义乌机场,60,144.25,219.03,60.25,39.16,78.0,66.44,78.54,0.0,48.33
G06+G08,4,磐安县,磐安县队,磐安县文体中心,3000,义乌机场,95,135.66,214.82,59.53,40.33,71.21,35.12,60.77,0.0,45.34
G06+G08,5,浦江县,浦江县队,浦江县体育中心体育场,15050,义乌机场,25,132.15,239.45,60.97,33.49,70.56,46.29,83.35,0.0,43.6
G06+G09,1,义乌市,义乌市队,义乌市梅湖体育中心体育场,35260,义乌机场,10,121.54,176.51,73.25,50.97,77.65,73.71,90.9,0.0,59.81
G06+G09,2,东阳市,东阳市队,东阳市体育中心体育馆,5465,义乌机场,35,119.05,179.06,73.85,50.26,76.32,64.54,76.21,0.0,57.5
G06+G09,3,浦江县,浦江县队,浦江县体育中心体育场,15050,义乌机场,25,131.03,188.54,61.4,47.63,79.61,46.29,83.35,0.0,53.5
G06+G09,4,金华市,金华市队,金华市体育中心体育场,30000,义乌机场,55,127.01,206.24,64.92,42.71,74.12,64.63,87.7,0.0,52.05
G06+G09,5,诸暨市,诸暨市队,诸暨市体育中心体育场,10000,义乌机场,60,138.21,214.7,62.58,40.36,77.28,66.44,78.54,0.0,49.47
G06+G10,1,义乌市,义乌市队,义乌市梅湖体育中心体育场,35260,义乌机场,10,102.05,176.51,80.75,50.97,74.92,73.71,90.9,0.0,60.84
G06+G10,2,东阳市,东阳市队,东阳市体育中心体育馆,5465,义乌机场,35,104.14,179.06,79.59,50.26,75.24,64.54,76.21,0.0,58.31
G06+G10,3,金华市,金华市队,金华市体育中心体育场,30000,义乌机场,55,109.3,206.24,71.73,42.71,72.75,64.63,87.7,0.0,53.01
G06+G10,4,杭州市,杭州市队,杭州奥体中心体育场（大莲花）,80000,杭州萧山国际机场,27,146.94,217.65,62.59,39.54,71.73,99.14,100.0,0.0,52.73
G06+G10,5,兰溪市,兰溪市队,兰溪市体育中心田径场看台,5000,义乌机场,85,115.88,200.4,68.19,44.33,73.73,51.86,66.99,0.0,50.97
G06+G11,1,东阳市,东阳市队,东阳市体育中心体育馆,5465,义乌机场,35,152.4,205.09,61.03,43.03,76.15,64.54,76.21,0.0,50.71
G06+G11,2,义乌市,义乌市队,义乌市梅湖体育中心体育场,35260,义乌机场,10,151.2,219.42,61.85,39.05,76.19,73.71,90.9,0.0,50.01
G06+G11,3,磐安县,磐安县队,磐安县文体中心,3000,义乌机场,95,157.73,207.6,51.04,42.33,73.13,35.12,60.77,0.0,45.52
G06+G11,4,浦江县,浦江县队,浦江县体育中心体育场,15050,义乌机场,25,152.55,231.23,53.13,35.77,76.99,46.29,83.35,0.0,44.16
G06+G11,5,诸暨市,诸暨市队,诸暨市体育中心体育场,10000,义乌机场,60,156.53,245.08,55.53,31.92,76.12,66.44,78.54,0.0,42.68
G06+G12,1,桐庐县,桐庐县队,桐庐县体育馆,2704,杭州萧山国际机场,110,127.26,149.1,65.4,58.58,87.13,51.33,62.41,0.0,60.12
G06+G12,2,浦江县,浦江县队,浦江县体育中心体育场,15050,义乌机场,25,118.79,175.04,66.11,51.38,76.96,46.29,83.35,0.0,56.67
G06+G12,3,诸暨市,诸暨市队,诸暨市体育中心体育场,10000,义乌机场,60,121.25,187.76,69.1,47.85,81.78,66.44,78.54,0.0,55.61
G06+G12,4,杭州市,杭州市队,杭州奥体中心体育场（大莲花）,80000,杭州萧山国际机场,27,133.09,210.39,67.91,41.56,75.98,99.14,100.0,0.0,54.97
G06+G12,5,东阳市,东阳市队,东阳市体育中心体育馆,5465,义乌机场,35,119.46,195.76,73.7,45.62,71.19,64.54,76.21,0.0,54.2
G06+G13,1,义乌市,义乌市队,义乌市梅湖体育中心体育场,35260,义乌机场,10,115.37,212.16,75.63,41.07,70.84,73.71,90.9,0.0,53.26
G06+G13,2,金华市,金华市队,金华市体育中心体育场,30000,义乌机场,55,128.38,206.24,64.39,42.71,73.63,64.63,87.7,0.0,51.97
G06+G13,3,兰溪市,兰溪市队,兰溪市体育中心田径场看台,5000,义乌机场,85,135.26,196.92,60.74,45.3,76.16,51.86,66.99,0.0,50.6
G06+G13,4,浦江县,浦江县队,浦江县体育中心体育场,15050,义乌机场,25,121.52,219.38,65.06,39.06,74.72,46.29,83.35,0.0,48.09
G06+G13,5,建德市,建德市队,建德市新安江体育馆,3008,杭州萧山国际机场,150,145.75,207.44,59.5,42.38,78.6,51.63,60.08,0.0,47.85
G06+G14,1,义乌市,义乌市队,义乌市梅湖体育中心体育场,35260,义乌机场,10,136.61,176.51,67.46,50.97,79.68,73.71,90.9,0.0,59.01
G06+G14,2,东阳市,东阳市队,东阳市体育中心体育馆,5465,义乌机场,35,135.13,179.06,67.67,50.26,79.64,64.54,76.21,0.0,56.67
G06+G14,3,诸暨市,诸暨市队,诸暨市体育中心体育场,10000,义乌机场,60,142.9,202.16,60.77,43.84,76.95,66.44,78.54,0.0,51.57
G06+G14,4,浦江县,浦江县队,浦江县体育中心体育场,15050,义乌机场,25,141.73,196.12,57.29,45.52,79.33,46.29,83.35,0.0,51.46
G06+G14,5,金华市,金华市队,金华市体育中心体育场,30000,义乌机场,55,144.55,219.99,58.17,38.89,73.16,64.63,87.7,0.0,48.45
G06+G15,1,义乌市,义乌市队,义乌市梅湖体育中心体育场,35260,义乌机场,10,128.44,197.8,70.6,45.06,74.92,73.71,90.9,0.0,55.34
G06+G15,2,东阳市,东阳市队,东阳市体育中心体育馆,5465,义乌机场,35,131.79,192.69,68.95,46.48,73.82,64.54,76.21,0.0,54.15
G06+G15,3,金华市,金华市队,金华市体育中心体育场,30000,义乌机场,55,117.22,206.24,68.69,42.71,72.9,64.63,87.7,0.0,52.57
G06+G15,4,兰溪市,兰溪市队,兰溪市体育中心田径场看台,5000,义乌机场,85,124.55,210.39,64.86,41.56,74.75,51.86,66.99,0.0,48.62
G06+G15,5,浦江县,浦江县队,浦江县体育中心体育场,15050,义乌机场,25,133.37,218.14,60.5,39.4,77.35,46.29,83.35,0.0,47.72
G06+G16,1,义乌市,义乌市队,义乌市梅湖体育中心体育场,35260,义乌机场,10,127.29,189.1,71.04,47.47,78.3,73.71,90.9,0.0,57.12
G06+G16,2,东阳市,东阳市队,东阳市体育中心体育馆,5465,义乌机场,35,128.39,183.74,70.26,48.96,76.62,64.54,76.21,0.0,56.1
G06+G16,3,金华市,金华市队,金华市体育中心体育场,30000,义乌机场,55,126.66,206.24,65.06,42.71,73.52,64.63,87.7,0.0,52.06
G06+G16,4,兰溪市,兰溪市队,兰溪市体育中心田径场看台,5000,义乌机场,85,132.82,203.1,61.68,43.58,75.58,51.86,66.99,0.0,49.56
G06+G16,5,浦江县,浦江县队,浦江县体育中心体育场,15050,义乌机场,25,130.84,209.68,61.48,41.76,80.94,46.29,83.35,0.0,49.54
G07+G08,1,天台县,天台县队,天台县人民体育场,1500,台州路桥机场,95,148.79,178.75,55.89,50.35,90.99,48.4,57.87,0.0,52.64
G07+G08,2,临海市,临海市队,临海体育馆（灵湖体育馆）,5300,台州路桥机场,48,158.2,192.83,53.73,46.44,86.27,60.65,74.8,0.0,51.83
G07+G08,3,新昌县,新昌县队,新昌县小球中心体育馆,5018,宁波栎社国际机场,80,145.0,192.94,57.34,46.4,84.51,50.59,69.73,0.0,51.22
G07+G08,4,嵊州市,嵊州市队,嵊州市体育中心体育场,3000,宁波栎社国际机场,80,143.9,201.93,59.19,43.91,82.26,56.11,66.44,0.0,49.78
G07+G08,5,东阳市,东阳市队,东阳市体育中心体育馆,5465,义乌机场,35,133.75,216.89,68.2,39.75,77.9,64.54,76.21,0.0,49.56
G07+G09,1,义乌市,义乌市队,义乌市梅湖体育中心体育场,35260,义乌机场,10,125.62,169.02,71.68,53.05,80.17,73.71,90.9,0.0,61.05
G07+G09,2,东阳市,东阳市队,东阳市体育中心体育馆,5465,义乌机场,35,121.1,167.74,73.06,53.41,81.89,64.54,76.21,0.0,59.65
G07+G09,3,磐安县,磐安县队,磐安县文体中心,3000,义乌机场,95,114.55,165.14,67.65,54.13,82.98,35.12,60.77,0.0,56.18
G07+G09,4,天台县,天台县队,天台县人民体育场,1500,台州路桥机场,95,121.14,175.36,66.52,51.29,81.41,48.4,57.87,0.0,54.6
G07+G09,5,临海市,临海市队,临海体育馆（灵湖体育馆）,5300,台州路桥机场,48,125.93,190.7,66.14,47.03,79.57,60.65,74.8,0.0,53.88
G07+G10,1,义乌市,义乌市队,义乌市梅湖体育中心体育场,35260,义乌机场,10,106.14,158.21,79.18,56.05,76.39,73.71,90.9,0.0,64.1
G07+G10,2,东阳市,东阳市队,东阳市体育中心体育馆,5465,义乌机场,35,106.19,150.84,78.8,58.1,80.17,64.54,76.21,0.0,63.64
G07+G10,3,磐安县,磐安县队,磐安县文体中心,3000,义乌机场,95,112.08,165.14,68.59,54.13,85.76,35.12,60.77,0.0,56.38
G07+G10,4,天台县,天台县队,天台县人民体育场,1500,台州路桥机场,95,125.23,167.5,64.95,53.47,85.48,48.4,57.87,0.0,55.95
G07+G10,5,嵊州市,嵊州市队,嵊州市体育中心体育场,3000,宁波栎社国际机场,80,118.61,181.75,68.92,49.51,80.38,56.11,66.44,0.0,54.97
G07+G11,1,东阳市,东阳市队,东阳市体育中心体育馆,5465,义乌机场,35,154.45,205.09,60.24,43.03,82.5,64.54,76.21,0.0,50.74
G07+G11,2,义乌市,义乌市队,义乌市梅湖体育中心体育场,35260,义乌机场,10,155.29,219.42,60.27,39.05,79.81,73.71,90.9,0.0,49.86
G07+G11,3,磐安县,磐安县队,磐安县文体中心,3000,义乌机场,95,158.4,199.06,50.78,44.71,84.97,35.12,60.77,0.0,47.37
G07+G11,4,仙居县,仙居县队,仙居全民体育馆,,台州路桥机场,90,167.13,205.19,48.72,43.0,83.32,47.8,57.47,0.0,46.35
G07+G11,5,浦江县,浦江县队,浦江县体育中心体育场,15050,义乌机场,25,157.7,231.23,51.14,35.77,76.12,46.29,83.35,0.0,43.86
G07+G12,1,浦江县,浦江县队,浦江县体育中心体育场,15050,义乌机场,25,123.94,180.27,64.13,49.92,74.55,46.29,83.35,0.0,55.34
G07+G12,2,嵊州市,嵊州市队,嵊州市体育中心体育场,3000,宁波栎社国际机场,80,127.13,182.29,65.64,49.36,81.83,56.11,66.44,0.0,54.42
G07+G12,3,东阳市,东阳市队,东阳市体育中心体育馆,5465,义乌机场,35,121.51,195.76,72.91,45.62,75.57,64.54,76.21,0.0,54.19
G07+G12,4,诸暨市,诸暨市队,诸暨市体育中心体育场,10000,义乌机场,60,119.24,196.48,69.87,45.42,80.76,66.44,78.54,0.0,54.05
G07+G12,5,新昌县,新昌县队,新昌县小球中心体育馆,5018,宁波栎社国际机场,80,131.49,194.76,62.54,45.9,82.58,50.59,69.73,0.0,51.59
G07+G13,1,义乌市,义乌市队,义乌市梅湖体育中心体育场,35260,义乌机场,10,119.45,212.16,74.06,41.07,72.53,73.71,90.9,0.0,53.07
G07+G13,2,金华市,金华市队,金华市体育中心体育场,30000,义乌机场,55,138.88,198.01,60.35,45.0,72.07,64.63,87.7,0.0,52.9
G07+G13,3,永康市,永康市队,永康市体育馆,2600,义乌机场,90,132.08,192.04,62.72,46.66,76.05,57.43,62.63,0.0,51.76
G07+G13,4,武义县,武义县队,武义县文体中心体育馆(新建),3000,义乌机场,60,138.39,199.86,60.24,44.48,74.39,47.78,64.41,0.0,49.45
G07+G13,5,浦江县,浦江县队,浦江县体育中心体育场,15050,义乌机场,25,126.67,219.38,63.08,39.06,72.61,46.29,83.35,0.0,47.75
G07+G14,1,东阳市,东阳市队,东阳市体育中心体育馆,5465,义乌机场,35,137.18,160.55,66.88,55.4,87.07,64.54,76.21,0.0,60.23
G07+G14,2,义乌市,义乌市队,义乌市梅湖体育中心体育场,35260,义乌机场,10,140.69,174.86,65.89,51.43,83.27,73.71,90.9,0.0,59.18
G07+G14,3,磐安县,磐安县队,磐安县文体中心,3000,义乌机场,95,135.74,165.14,59.5,54.13,91.08,35.12,60.77,0.0,55.18
G07+G14,4,临海市,临海市队,临海体育馆（灵湖体育馆）,5300,台州路桥机场,48,143.95,190.7,59.2,47.03,81.14,60.65,74.8,0.0,52.91
G07+G14,5,天台县,天台县队,天台县人民体育场,1500,台州路桥机场,95,137.25,186.71,60.32,48.14,86.95,48.4,57.87,0.0,51.68
G07+G15,1,义乌市,义乌市队,义乌市梅湖体育中心体育场,35260,义乌机场,10,132.52,197.8,69.03,45.06,77.41,73.71,90.9,0.0,55.17
G07+G15,2,东阳市,东阳市队,东阳市体育中心体育馆,5465,义乌机场,35,133.84,192.69,68.17,46.48,79.0,64.54,76.21,0.0,54.16
G07+G15,3,金华市,金华市队,金华市体育中心体育场,30000,义乌机场,55,127.71,198.01,64.65,45.0,70.5,64.63,87.7,0.0,53.49
G07+G15,4,磐安县,磐安县队,磐安县文体中心,3000,义乌机场,95,132.77,189.37,60.64,47.4,79.89,35.12,60.77,0.0,50.51
G07+G15,5,武义县,武义县队,武义县文体中心体育馆(新建),3000,义乌机场,60,122.86,199.86,66.21,44.48,71.36,47.78,64.41,0.0,50.25
G07+G16,1,义乌市,义乌市队,义乌市梅湖体育中心体育场,35260,义乌机场,10,131.37,189.1,69.47,47.47,81.18,73.71,90.9,0.0,56.96
G07+G16,2,东阳市,东阳市队,东阳市体育中心体育馆,5465,义乌机场,35,130.44,183.74,69.47,48.96,82.53,64.54,76.21,0.0,56.12
G07+G16,3,金华市,金华市队,金华市体育中心体育场,30000,义乌机场,55,137.16,198.01,61.02,45.0,71.82,64.63,87.7,0.0,52.99
G07+G16,4,永康市,永康市队,永康市体育馆,2600,义乌机场,90,131.79,197.83,62.83,45.05,75.48,57.43,62.63,0.0,50.67
G07+G16,5,磐安县,磐安县队,磐安县文体中心,3000,义乌机场,95,129.7,191.22,61.82,46.88,79.14,35.12,60.77,0.0,50.32
G08+G09,1,天台县,天台县队,天台县人民体育场,1500,台州路桥机场,95,131.07,178.75,62.7,50.35,78.81,48.4,57.87,0.0,53.35
G08+G09,2,临海市,临海市队,临海体育馆（灵湖体育馆）,5300,台州路桥机场,48,131.41,192.83,64.03,46.44,78.67,60.65,74.8,0.0,53.15
G08+G09,3,东阳市,东阳市队,东阳市体育中心体育馆,5465,义乌机场,35,127.31,216.89,70.68,39.75,74.71,64.54,76.21,0.0,49.85
G08+G09,4,义乌市,义乌市队,义乌市梅湖体育中心体育场,35260,义乌机场,10,129.96,230.18,70.01,36.06,72.04,73.71,90.9,0.0,49.07
G08+G09,5,台州市,台州市队,台州市体育中心体育场,42000,台州路桥机场,15,143.37,222.85,59.76,38.1,74.05,70.67,92.8,0.0,48.99
G08+G10,1,天台县,天台县队,天台县人民体育场,1500,台州路桥机场,95,135.15,178.75,61.13,50.35,82.77,48.4,57.87,0.0,53.21
G08+G10,2,临海市,临海市队,临海体育馆（灵湖体育馆）,5300,台州路桥机场,48,140.79,192.83,60.42,46.44,78.54,60.65,74.8,0.0,52.63
G08+G10,3,新昌县,新昌县队,新昌县小球中心体育馆,5018,宁波栎社国际机场,80,137.97,192.94,60.05,46.4,80.55,50.59,69.73,0.0,51.52
G08+G10,4,东阳市,东阳市队,东阳市体育中心体育馆,5465,义乌机场,35,112.4,216.89,76.41,39.75,72.7,64.54,76.21,0.0,50.64
G08+G10,5,义乌市,义乌市队,义乌市梅湖体育中心体育场,35260,义乌机场,10,110.48,230.18,77.51,36.06,68.65,73.71,90.9,0.0,50.08
G08+G11,1,东阳市,东阳市队,东阳市体育中心体育馆,5465,义乌机场,35,160.65,216.89,57.85,39.75,77.03,64.54,76.21,0.0,48.04
G08+G11,2,义乌市,义乌市队,义乌市梅湖体育中心体育场,35260,义乌机场,10,159.62,230.18,58.61,36.06,72.79,73.71,90.9,0.0,47.42
G08+G11,3,仙居县,仙居县队,仙居全民体育馆,,台州路桥机场,90,170.07,210.79,47.59,41.45,82.77,47.8,57.47,0.0,45.11
G08+G11,4,磐安县,磐安县队,磐安县文体中心,3000,义乌机场,95,162.17,214.82,49.33,40.33,80.55,35.12,60.77,0.0,44.07
G08+G11,5,诸暨市,诸暨市队,诸暨市体育中心体育场,10000,义乌机场,60,171.34,245.08,49.83,31.92,75.66,66.44,78.54,0.0,41.84
G08+G12,1,新昌县,新昌县队,新昌县小球中心体育馆,5018,宁波栎社国际机场,80,148.84,194.76,55.86,45.9,82.98,50.59,69.73,0.0,50.63
G08+G12,2,东阳市,东阳市队,东阳市体育中心体育馆,5465,义乌机场,35,127.72,216.89,70.52,39.75,69.88,64.54,76.21,0.0,49.72
G08+G12,3,嵊州市,嵊州市队,嵊州市体育中心体育场,3000,宁波栎社国际机场,80,146.32,201.93,58.26,43.91,82.13,56.11,66.44,0.0,49.64
G08+G12,4,诸暨市,诸暨市队,诸暨市体育中心体育场,10000,义乌机场,60,136.06,219.03,63.4,39.16,75.87,66.44,78.54,0.0,48.74
G08+G12,5,绍兴市,绍兴市队,绍兴市轻纺城体育中心体育场,30000,杭州萧山国际机场,35,149.48,250.51,59.81,30.41,75.0,79.52,85.57,0.0,43.68
G08+G13,1,义乌市,义乌市队,义乌市梅湖体育中心体育场,35260,义乌机场,10,123.79,230.18,72.39,36.06,66.01,73.71,90.9,0.0,49.27
G08+G13,2,仙居县,仙居县队,仙居全民体育馆,,台州路桥机场,90,136.7,212.77,60.42,40.9,76.54,47.8,57.47,0.0,46.46
G08+G13,3,磐安县,磐安县队,磐安县文体中心,3000,义乌机场,95,125.16,214.82,63.56,40.33,71.76,35.12,60.77,0.0,45.94
G08+G13,4,浦江县,浦江县队,浦江县体育中心体育场,15050,义乌机场,25,132.39,239.45,60.88,33.49,65.51,46.29,83.35,0.0,43.48
G08+G13,5,温岭市,温岭市队,温岭市体育中心体育场,20000,台州路桥机场,32,182.65,243.0,44.33,32.5,78.54,64.97,86.7,0.0,42.14
G08+G14,1,临海市,临海市队,临海体育馆（灵湖体育馆）,5300,台州路桥机场,48,149.44,192.83,57.1,46.44,81.29,60.65,74.8,0.0,52.21
G08+G14,2,天台县,天台县队,天台县人民体育场,1500,台州路桥机场,95,147.18,186.71,56.51,48.14,85.71,48.4,57.87,0.0,51.1
G08+G14,3,东阳市,东阳市队,东阳市体育中心体育馆,5465,义乌机场,35,143.38,216.89,64.49,39.75,79.14,64.54,76.21,0.0,49.05
G08+G14,4,义乌市,义乌市队,义乌市梅湖体育中心体育场,35260,义乌机场,10,145.03,230.18,64.22,36.06,74.69,73.71,90.9,0.0,48.28
G08+G14,5,台州市,台州市队,台州市体育中心体育场,42000,台州路桥机场,15,160.87,222.85,53.03,38.1,74.3,70.67,92.8,0.0,48.02
G08+G15,1,东阳市,东阳市队,东阳市体育中心体育馆,5465,义乌机场,35,140.05,216.89,65.78,39.75,73.2,64.54,76.21,0.0,49.1
G08+G15,2,义乌市,义乌市队,义乌市梅湖体育中心体育场,35260,义乌机场,10,136.86,230.18,67.36,36.06,70.23,73.71,90.9,0.0,48.64
G08+G15,3,仙居县,仙居县队,仙居全民体育馆,,台州路桥机场,90,144.32,216.01,57.49,40.0,78.08,47.8,57.47,0.0,45.46
G08+G15,4,磐安县,磐安县队,磐安县文体中心,3000,义乌机场,95,136.54,214.82,59.19,40.33,75.52,35.12,60.77,0.0,45.39
G08+G15,5,诸暨市,诸暨市队,诸暨市体育中心体育场,10000,义乌机场,60,168.53,239.42,50.91,33.49,75.17,66.44,78.54,0.0,43.05
G08+G16,1,东阳市,东阳市队,东阳市体育中心体育馆,5465,义乌机场,35,136.65,216.89,67.09,39.75,75.67,64.54,76.21,0.0,49.35
G08+G16,2,义乌市,义乌市队,义乌市梅湖体育中心体育场,35260,义乌机场,10,135.71,230.18,67.8,36.06,72.94,73.71,90.9,0.0,48.77
G08+G16,3,新昌县,新昌县队,新昌县小球中心体育馆,5018,宁波栎社国际机场,80,161.45,207.01,51.01,42.5,81.38,50.59,69.73,0.0,47.57
G08+G16,4,天台县,天台县队,天台县人民体育场,1500,台州路桥机场,95,154.62,209.82,53.65,41.72,78.05,48.4,57.87,0.0,46.14
G08+G16,5,嵊州市,嵊州市队,嵊州市体育中心体育场,3000,宁波栎社国际机场,80,162.24,215.68,52.14,40.09,81.37,56.11,66.44,0.0,46.14
G09+G10,1,仙居县,仙居县队,仙居全民体育馆,,台州路桥机场,90,96.22,133.34,75.99,62.96,88.41,47.8,57.47,0.0,64.01
G09+G10,2,永康市,永康市队,永康市体育馆,2600,义乌机场,90,95.82,142.65,76.67,60.37,82.66,57.43,62.63,0.0,63.27
G09+G10,3,丽水市,丽水市队,丽水市体育中心体育场,19000,丽水机场(在建),15,104.94,149.26,73.53,58.54,78.28,53.02,80.76,0.0,62.83
G09+G10,4,义乌市,义乌市队,义乌市梅湖体育中心体育场,35260,义乌机场,10,102.71,169.02,80.5,53.05,76.07,73.71,90.9,0.0,62.24
G09+G10,5,磐安县,磐安县队,磐安县文体中心,3000,义乌机场,95,94.08,145.2,75.52,59.67,86.28,35.12,60.77,0.0,61.17
G09+G11,1,东阳市,东阳市队,东阳市体育中心体育馆,5465,义乌机场,35,148.01,205.09,62.72,43.03,77.3,64.54,76.21,0.0,50.98
G09+G11,2,义乌市,义乌市队,义乌市梅湖体育中心体育场,35260,义乌机场,10,151.86,219.42,61.59,39.05,77.72,73.71,90.9,0.0,50.0
G09+G11,3,磐安县,磐安县队,磐安县文体中心,3000,义乌机场,95,140.39,199.06,57.71,44.71,76.03,35.12,60.77,0.0,48.17
G09+G11,4,仙居县,仙居县队,仙居全民体育馆,,台州路桥机场,90,140.77,205.19,58.86,43.0,74.1,47.8,57.47,0.0,47.61
G09+G11,5,浦江县,浦江县队,浦江县体育中心体育场,15050,义乌机场,25,162.29,231.23,49.38,35.77,77.71,46.29,83.35,0.0,43.63
G09+G12,1,东阳市,东阳市队,东阳市体育中心体育馆,5465,义乌机场,35,115.07,195.76,75.39,45.62,73.28,64.54,76.21,0.0,54.49
G09+G12,2,浦江县,浦江县队,浦江县体育中心体育场,15050,义乌机场,25,128.54,188.54,62.36,47.63,74.67,46.29,83.35,0.0,53.52
G09+G12,3,诸暨市,诸暨市队,诸暨市体育中心体育场,10000,义乌机场,60,130.02,214.7,65.73,40.36,75.65,66.44,78.54,0.0,49.89
G09+G12,4,金华市,金华市队,金华市体育中心体育场,30000,义乌机场,55,134.35,218.03,62.1,39.43,70.97,64.63,87.7,0.0,49.34
G09+G12,5,义乌市,义乌市队,义乌市梅湖体育中心体育场,35260,义乌机场,10,116.82,191.88,75.07,46.7,71.54,73.71,90.9,8.0,49.03
G09+G13,1,永康市,永康市队,永康市体育馆,2600,义乌机场,90,111.59,170.97,70.6,52.51,77.24,57.43,62.63,0.0,56.92
G09+G13,2,金华市,金华市队,金华市体育中心体育场,30000,义乌机场,55,134.15,186.84,62.17,48.1,78.6,64.63,87.7,0.0,55.42
G09+G13,3,武义县,武义县队,武义县文体中心体育馆(新建),3000,义乌机场,60,122.31,181.59,66.43,49.56,78.05,47.78,64.41,0.0,53.89
G09+G13,4,义乌市,义乌市队,义乌市梅湖体育中心体育场,35260,义乌机场,10,116.03,212.16,75.37,41.07,71.89,73.71,90.9,0.0,53.25
G09+G13,5,乐清市,乐清市队,乐清市体育中心体育场,15000,温州龙湾国际机场,45,141.29,214.65,64.16,40.38,76.0,69.82,83.09,0.0,50.3
G09+G14,1,磐安县,磐安县队,磐安县文体中心,3000,义乌机场,95,117.73,145.46,66.42,59.59,84.18,35.12,60.77,0.0,59.75
G09+G14,2,义乌市,义乌市队,义乌市梅湖体育中心体育场,35260,义乌机场,10,137.26,174.86,67.21,51.43,81.37,73.71,90.9,0.0,59.33
G09+G14,3,东阳市,东阳市队,东阳市体育中心体育馆,5465,义乌机场,35,130.74,167.74,69.36,53.41,81.89,64.54,76.21,0.0,59.11
G09+G14,4,仙居县,仙居县队,仙居全民体育馆,,台州路桥机场,90,111.65,168.14,70.06,53.29,83.69,47.8,57.47,0.0,56.46
G09+G14,5,临海市,临海市队,临海体育馆（灵湖体育馆）,5300,台州路桥机场,48,117.17,184.23,69.51,48.83,78.65,60.65,74.8,0.0,55.58
G09+G15,1,丽水市,丽水市队,丽水市体育中心体育场,19000,丽水机场(在建),15,94.99,149.26,77.35,58.54,78.28,53.02,80.76,0.0,63.39
G09+G15,2,武义县,武义县队,武义县文体中心体育馆(新建),3000,义乌机场,60,106.78,163.72,72.4,54.52,76.82,47.78,64.41,0.0,58.11
G09+G15,3,金华市,金华市队,金华市体育中心体育场,30000,义乌机场,55,122.98,188.93,66.47,47.52,77.08,64.63,87.7,0.0,55.62
G09+G15,4,义乌市,义乌市队,义乌市梅湖体育中心体育场,35260,义乌机场,10,129.1,197.8,70.35,45.06,76.23,73.71,90.9,0.0,55.33
G09+G15,5,东阳市,东阳市队,东阳市体育中心体育馆,5465,义乌机场,35,127.4,192.69,70.64,46.48,75.65,64.54,76.21,0.0,54.44
G09+G16,1,义乌市,义乌市队,义乌市梅湖体育中心体育场,35260,义乌机场,10,127.94,189.1,70.79,47.47,79.82,73.71,90.9,0.0,57.12
G09+G16,2,东阳市,东阳市队,东阳市体育中心体育馆,5465,义乌机场,35,124.0,183.74,71.95,48.96,78.85,64.54,76.21,0.0,56.39
G09+G16,3,金华市,金华市队,金华市体育中心体育场,30000,义乌机场,55,132.42,186.84,62.84,48.1,78.36,64.63,87.7,0.0,55.51
G09+G16,4,永康市,永康市队,永康市体育馆,2600,义乌机场,90,111.3,197.83,70.71,45.05,76.7,57.43,62.63,0.0,51.84
G09+G16,5,武义县,武义县队,武义县文体中心体育馆(新建),3000,义乌机场,60,119.18,194.61,67.63,45.94,76.73,47.78,64.41,0.0,51.57
G10+G11,1,东阳市,东阳市队,东阳市体育中心体育馆,5465,义乌机场,35,133.1,205.09,68.45,43.03,72.51,64.54,76.21,0.0,51.71
G10+G11,2,义乌市,义乌市队,义乌市梅湖体育中心体育场,35260,义乌机场,10,132.37,219.42,69.09,39.05,70.28,73.71,90.9,0.0,50.92
G10+G11,3,磐安县,磐安县队,磐安县文体中心,3000,义乌机场,95,137.92,199.06,58.66,44.71,77.3,35.12,60.77,0.0,48.34
G10+G11,4,仙居县,仙居县队,仙居全民体育馆,,台州路桥机场,90,147.87,205.19,56.13,43.0,77.75,47.8,57.47,0.0,47.3
G10+G11,5,永康市,永康市队,永康市体育馆,2600,义乌机场,90,137.65,242.08,60.58,32.76,73.2,57.43,62.63,0.0,41.92
G10+G12,1,东阳市,东阳市队,东阳市体育中心体育馆,5465,义乌机场,35,100.16,195.76,81.12,45.62,72.8,64.54,76.21,0.0,55.32
G10+G12,2,嵊州市,嵊州市队,嵊州市体育中心体育场,3000,宁波栎社国际机场,80,121.03,182.29,67.98,49.36,79.6,56.11,66.44,0.0,54.71
G10+G12,3,绍兴市,绍兴市队,绍兴市轻纺城体育中心体育场,30000,杭州萧山国际机场,35,124.01,205.62,69.61,42.88,74.5,79.52,85.57,0.0,53.58
G10+G12,4,杭州市,杭州市队,杭州奥体中心体育场（大莲花）,80000,杭州萧山国际机场,27,133.27,217.65,67.84,39.54,71.31,99.14,100.0,0.0,53.48
G10+G12,5,诸暨市,诸暨市队,诸暨市体育中心体育场,10000,义乌机场,60,102.42,164.44,76.34,54.32,72.52,66.44,78.54,8.0,52.86
G10+G13,1,金华市,金华市队,金华市体育中心体育场,30000,义乌机场,55,116.45,180.56,68.98,49.85,75.8,64.63,87.7,0.0,57.54
G10+G13,2,永康市,永康市队,永康市体育馆,2600,义乌机场,90,107.8,170.97,72.06,52.51,79.77,57.43,62.63,0.0,57.19
G10+G13,3,武义县,武义县队,武义县文体中心体育馆(新建),3000,义乌机场,60,113.33,181.59,69.88,49.56,78.21,47.78,64.41,0.0,54.39
G10+G13,4,义乌市,义乌市队,义乌市梅湖体育中心体育场,35260,义乌机场,10,96.54,212.16,82.87,41.07,70.46,73.71,90.9,0.0,54.31
G10+G13,5,缙云县,缙云县队,,,义乌机场,65,117.13,184.62,66.76,48.72,82.14,44.58,59.66,0.0,52.83
G10+G14,1,东阳市,东阳市队,东阳市体育中心体育馆,5465,义乌机场,35,115.83,160.55,75.09,55.4,78.65,64.54,76.21,0.0,61.23
G10+G14,2,义乌市,义乌市队,义乌市梅湖体育中心体育场,35260,义乌机场,10,117.78,174.86,74.7,51.43,75.3,73.71,90.9,0.0,60.28
G10+G14,3,磐安县,磐安县队,磐安县文体中心,3000,义乌机场,95,115.26,145.46,67.37,59.59,87.07,35.12,60.77,0.0,59.96
G10+G14,4,仙居县,仙居县队,仙居全民体育馆,,台州路桥机场,90,118.75,168.14,67.33,53.29,86.56,47.8,57.47,0.0,56.13
G10+G14,5,临海市,临海市队,临海体育馆（灵湖体育馆）,5300,台州路桥机场,48,126.55,184.23,65.9,48.83,77.21,60.65,74.8,0.0,55.02
G10+G15,1,丽水市,丽水市队,丽水市体育中心体育场,19000,丽水机场(在建),15,100.65,147.8,75.18,58.95,79.98,53.02,80.76,0.0,63.39
G10+G15,2,缙云县,缙云县队,,,义乌机场,65,98.94,156.36,73.75,56.57,81.54,44.58,59.66,0.0,59.18
G10+G15,3,武义县,武义县队,武义县文体中心体育馆(新建),3000,义乌机场,60,97.8,162.96,75.85,54.73,78.32,47.78,64.41,0.0,58.78
G10+G15,4,金华市,金华市队,金华市体育中心体育场,30000,义乌机场,55,105.28,188.93,73.28,47.52,76.19,64.63,87.7,0.0,56.59
G10+G15,5,义乌市,义乌市队,义乌市梅湖体育中心体育场,35260,义乌机场,10,109.61,197.8,77.84,45.06,72.45,73.71,90.9,0.0,56.33
G10+G16,1,义乌市,义乌市队,义乌市梅湖体育中心体育场,35260,义乌机场,10,108.46,189.1,78.29,47.47,75.68,73.71,90.9,0.0,58.12
G10+G16,2,金华市,金华市队,金华市体育中心体育场,30000,义乌机场,55,114.72,181.39,69.65,49.61,75.86,64.63,87.7,0.0,57.48
G10+G16,3,东阳市,东阳市队,东阳市体育中心体育馆,5465,义乌机场,35,109.09,183.74,77.69,48.96,76.95,64.54,76.21,0.0,57.18
G10+G16,4,永康市,永康市队,永康市体育馆,2600,义乌机场,90,107.51,197.83,72.17,45.05,79.17,57.43,62.63,0.0,52.11
G10+G16,5,武义县,武义县队,武义县文体中心体育馆(新建),3000,义乌机场,60,110.2,194.61,71.08,45.94,77.14,47.78,64.41,0.0,52.08
G11+G12,1,东阳市,东阳市队,东阳市体育中心体育馆,5465,义乌机场,35,148.42,205.09,62.56,43.03,72.08,64.54,76.21,0.0,50.84
G11+G12,2,浦江县,浦江县队,浦江县体育中心体育场,15050,义乌机场,25,150.06,231.23,54.08,35.77,72.1,46.29,83.35,0.0,44.19
G11+G12,3,诸暨市,诸暨市队,诸暨市体育中心体育场,10000,义乌机场,60,148.34,245.08,58.68,31.92,73.31,66.44,78.54,0.0,43.07
G11+G12,4,磐安县,磐安县队,磐安县文体中心,3000,义乌机场,95,157.74,225.42,51.03,37.38,73.43,35.12,60.77,0.0,42.16
G11+G12,5,义乌市,义乌市队,义乌市梅湖体育中心体育场,35260,义乌机场,10,146.49,219.42,63.66,39.05,69.37,73.71,90.9,8.0,42.12
G11+G13,1,义乌市,义乌市队,义乌市梅湖体育中心体育场,35260,义乌机场,10,145.69,219.42,63.97,39.05,69.53,73.71,90.9,0.0,50.16
G11+G13,2,磐安县,磐安县队,磐安县文体中心,3000,义乌机场,95,147.23,209.51,55.07,41.8,71.86,35.12,60.77,0.0,45.72
G11+G13,3,仙居县,仙居县队,仙居全民体育馆,,台州路桥机场,90,159.05,212.77,51.83,40.9,75.35,47.8,57.47,0.0,45.19
G11+G13,4,浦江县,浦江县队,浦江县体育中心体育场,15050,义乌机场,25,152.79,231.23,53.03,35.77,70.85,46.29,83.35,0.0,44.01
G11+G13,5,永康市,永康市队,永康市体育馆,2600,义乌机场,90,153.42,242.08,54.51,32.76,74.55,57.43,62.63,0.0,41.07
G11+G14,1,东阳市,东阳市队,东阳市体育中心体育馆,5465,义乌机场,35,164.08,205.09,56.53,43.03,87.1,64.54,76.21,0.0,50.31
G11+G14,2,义乌市,义乌市队,义乌市梅湖体育中心体育场,35260,义乌机场,10,166.93,219.42,55.8,39.05,85.47,73.71,90.9,0.0,49.34
G11+G14,3,磐安县,磐安县队,磐安县文体中心,3000,义乌机场,95,161.58,199.06,49.56,44.71,88.78,35.12,60.77,0.0,47.27
G11+G14,4,仙居县,仙居县队,仙居全民体育馆,,台州路桥机场,90,163.3,205.19,50.19,43.0,83.27,47.8,57.47,0.0,46.56
G11+G14,5,浦江县,浦江县队,浦江县体育中心体育场,15050,义乌机场,25,172.99,231.23,45.26,35.77,80.95,46.29,83.35,0.0,43.11
G11+G15,1,东阳市,东阳市队,东阳市体育中心体育馆,5465,义乌机场,35,160.75,205.09,57.82,43.03,78.1,64.54,76.21,0.0,50.29
G11+G15,2,义乌市,义乌市队,义乌市梅湖体育中心体育场,35260,义乌机场,10,158.76,219.42,58.94,39.05,76.87,73.71,90.9,0.0,49.6
G11+G15,3,磐安县,磐安县队,磐安县文体中心,3000,义乌机场,95,158.61,199.06,50.7,44.71,78.0,35.12,60.77,0.0,47.19
G11+G15,4,仙居县,仙居县队,仙居全民体育馆,,台州路桥机场,90,166.67,216.01,48.9,40.0,78.47,47.8,57.47,0.0,44.22
G11+G15,5,浦江县,浦江县队,浦江县体育中心体育场,15050,义乌机场,25,164.64,231.23,48.47,35.77,76.29,46.29,83.35,0.0,43.47
G11+G16,1,东阳市,东阳市队,东阳市体育中心体育馆,5465,义乌机场,35,157.35,205.09,59.12,43.03,80.42,64.54,76.21,0.0,50.53
G11+G16,2,义乌市,义乌市队,义乌市梅湖体育中心体育场,35260,义乌机场,10,157.6,219.42,59.38,39.05,80.2,73.71,90.9,0.0,49.74
G11+G16,3,磐安县,磐安县队,磐安县文体中心,3000,义乌机场,95,155.54,199.06,51.88,44.71,76.56,35.12,60.77,0.0,47.33
G11+G16,4,浦江县,浦江县队,浦江县体育中心体育场,15050,义乌机场,25,162.1,231.23,49.45,35.77,78.86,46.29,83.35,0.0,43.67
G11+G16,5,诸暨市,诸暨市队,诸暨市体育中心体育场,10000,义乌机场,60,168.01,245.08,51.11,31.92,75.98,66.44,78.54,0.0,42.03
G12+G13,1,金华市,金华市队,金华市体育中心体育场,30000,义乌机场,55,135.72,218.03,61.57,39.43,70.61,64.63,87.7,0.0,49.26
G12+G13,2,兰溪市,兰溪市队,兰溪市体育中心田径场看台,5000,义乌机场,85,143.72,206.75,57.48,42.57,73.91,51.86,66.99,0.0,48.22
G12+G13,3,浦江县,浦江县队,浦江县体育中心体育场,15050,义乌机场,25,119.03,219.38,66.02,39.06,70.77,46.29,83.35,0.0,48.14
G12+G13,4,建德市,建德市队,建德市新安江体育馆,3008,杭州萧山国际机场,150,154.03,207.44,56.32,42.38,78.63,51.63,60.08,0.0,47.39
G12+G13,5,义乌市,义乌市队,义乌市梅湖体育中心体育场,35260,义乌机场,10,110.65,212.16,77.44,41.07,66.12,73.71,90.9,8.0,45.42
G12+G14,1,东阳市,东阳市队,东阳市体育中心体育馆,5465,义乌机场,35,131.15,195.76,69.2,45.62,75.6,64.54,76.21,0.0,53.65
G12+G14,2,诸暨市,诸暨市队,诸暨市体育中心体育场,10000,义乌机场,60,134.71,202.16,63.92,43.84,75.0,66.44,78.54,0.0,51.98
G12+G14,3,浦江县,浦江县队,浦江县体育中心体育场,15050,义乌机场,25,139.24,196.12,58.25,45.52,74.22,46.29,83.35,0.0,51.48
G12+G14,4,新昌县,新昌县队,新昌县小球中心体育馆,5018,宁波栎社国际机场,80,139.02,210.0,59.64,41.67,79.77,50.59,69.73,0.0,48.22
G12+G14,5,义乌市,义乌市队,义乌市梅湖体育中心体育场,35260,义乌机场,10,131.89,191.88,69.27,46.7,72.53,73.71,90.9,8.0,48.21
G12+G15,1,东阳市,东阳市队,东阳市体育中心体育馆,5465,义乌机场,35,127.81,195.76,70.49,45.62,70.66,64.54,76.21,0.0,53.72
G12+G15,2,金华市,金华市队,金华市体育中心体育场,30000,义乌机场,55,124.56,218.03,65.86,39.43,69.36,64.63,87.7,0.0,49.85
G12+G15,3,兰溪市,兰溪市队,兰溪市体育中心田径场看台,5000,义乌机场,85,133.01,210.39,61.6,41.56,71.9,51.86,66.99,0.0,48.09
G12+G15,4,浦江县,浦江县队,浦江县体育中心体育场,15050,义乌机场,25,130.88,218.14,61.46,39.4,72.77,46.29,83.35,0.0,47.75
G12+G15,5,义乌市,义乌市队,义乌市梅湖体育中心体育场,35260,义乌机场,10,123.72,197.8,72.41,45.06,69.12,73.71,90.9,8.0,47.47
G12+G16,1,东阳市,东阳市队,东阳市体育中心体育馆,5465,义乌机场,35,124.41,195.76,71.79,45.62,73.24,64.54,76.21,0.0,53.97
G12+G16,2,浦江县,浦江县队,浦江县体育中心体育场,15050,义乌机场,25,128.35,209.68,62.43,41.76,75.73,46.29,83.35,0.0,49.56
G12+G16,3,金华市,金华市队,金华市体育中心体育场,30000,义乌机场,55,134.0,218.03,62.23,39.43,70.41,64.63,87.7,0.0,49.35
G12+G16,4,义乌市,义乌市队,义乌市梅湖体育中心体育场,35260,义乌机场,10,122.57,191.88,72.86,46.7,71.84,73.71,90.9,8.0,48.71
G12+G16,5,兰溪市,兰溪市队,兰溪市体育中心田径场看台,5000,义乌机场,85,141.28,206.75,58.42,42.57,73.21,51.86,66.99,0.0,48.34
G13+G14,1,义乌市,义乌市队,义乌市梅湖体育中心体育场,35260,义乌机场,10,131.09,212.16,69.58,41.07,72.8,73.71,90.9,0.0,52.43
G13+G14,2,永康市,永康市队,永康市体育馆,2600,义乌机场,90,136.19,188.55,61.14,47.63,80.16,57.43,62.63,0.0,52.28
G13+G14,3,缙云县,缙云县队,,,义乌机场,65,140.51,195.22,57.76,45.77,80.1,44.58,59.66,0.0,49.47
G13+G14,4,金华市,金华市队,金华市体育中心体育场,30000,义乌机场,55,151.7,219.99,55.43,38.89,78.69,64.63,87.7,0.0,48.18
G13+G14,5,武义县,武义县队,武义县文体中心体育馆(新建),3000,义乌机场,60,144.82,209.6,57.77,41.78,79.51,47.78,64.41,0.0,47.37
G13+G15,1,金华市,金华市队,金华市体育中心体育场,30000,义乌机场,55,124.36,188.93,65.94,47.52,76.48,64.63,87.7,0.0,55.53
G13+G15,2,武义县,武义县队,武义县文体中心体育馆(新建),3000,义乌机场,60,116.04,181.59,68.84,49.56,76.01,47.78,64.41,0.0,54.19
G13+G15,3,义乌市,义乌市队,义乌市梅湖体育中心体育场,35260,义乌机场,10,122.93,212.16,72.72,41.07,69.4,73.71,90.9,0.0,52.81
G13+G15,4,缙云县,缙云县队,,,义乌机场,65,115.56,184.62,67.36,48.72,76.98,44.58,59.66,0.0,52.8
G13+G15,5,丽水市,丽水市队,丽水市体育中心体育场,19000,丽水机场(在建),15,118.71,211.51,68.23,41.25,76.41,53.02,80.76,0.0,50.25
G13+G16,1,金华市,金华市队,金华市体育中心体育场,30000,义乌机场,55,133.8,181.39,62.31,49.61,77.85,64.63,87.7,0.0,56.46
G13+G16,2,义乌市,义乌市队,义乌市梅湖体育中心体育场,35260,义乌机场,10,121.77,212.16,73.16,41.07,72.16,73.71,90.9,0.0,52.93
G13+G16,3,永康市,永康市队,永康市体育馆,2600,义乌机场,90,123.28,197.83,66.11,45.05,76.11,57.43,62.63,0.0,51.16
G13+G16,4,武义县,武义县队,武义县文体中心体育馆(新建),3000,义乌机场,60,128.44,194.61,64.07,45.94,76.99,47.78,64.41,0.0,51.06
G13+G16,5,兰溪市,兰溪市队,兰溪市体育中心田径场看台,5000,义乌机场,85,143.47,203.1,57.58,43.58,78.35,51.86,66.99,0.0,49.03
G14+G15,1,义乌市,义乌市队,义乌市梅湖体育中心体育场,35260,义乌机场,10,144.16,197.8,64.55,45.06,79.28,73.71,90.9,0.0,54.56
G14+G15,2,东阳市,东阳市队,东阳市体育中心体育馆,5465,义乌机场,35,143.48,192.69,64.46,46.48,80.31,64.54,76.21,0.0,53.65
G14+G15,3,缙云县,缙云县队,,,义乌机场,65,122.31,195.22,64.76,45.77,75.44,44.58,59.66,0.0,50.39
G14+G15,4,磐安县,磐安县队,磐安县文体中心,3000,义乌机场,95,135.95,189.37,59.42,47.4,81.56,35.12,60.77,0.0,50.37
G14+G15,5,金华市,金华市队,金华市体育中心体育场,30000,义乌机场,55,140.53,219.99,59.72,38.89,75.38,64.63,87.7,0.0,48.73
G14+G16,1,义乌市,义乌市队,义乌市梅湖体育中心体育场,35260,义乌机场,10,143.01,189.1,65.0,47.47,83.3,73.71,90.9,0.0,56.36
G14+G16,2,东阳市,东阳市队,东阳市体育中心体育馆,5465,义乌机场,35,140.08,183.74,65.77,48.96,83.68,64.54,76.21,0.0,55.6
G14+G16,3,永康市,永康市队,永康市体育馆,2600,义乌机场,90,135.9,197.83,61.25,45.05,79.46,57.43,62.63,0.0,50.53
G14+G16,4,磐安县,磐安县队,磐安县文体中心,3000,义乌机场,95,132.88,191.22,60.59,46.88,80.64,35.12,60.77,0.0,50.17
G14+G16,5,浦江县,浦江县队,浦江县体育中心体育场,15050,义乌机场,25,151.28,209.68,53.61,41.76,80.25,46.29,83.35,0.0,48.38
G15+G16,1,金华市,金华市队,金华市体育中心体育场,30000,义乌机场,55,122.64,188.93,66.6,47.52,76.42,64.63,87.7,0.0,55.62
G15+G16,2,义乌市,义乌市队,义乌市梅湖体育中心体育场,35260,义乌机场,10,134.84,197.8,68.14,45.06,77.25,73.71,90.9,0.0,55.03
G15+G16,3,东阳市,东阳市队,东阳市体育中心体育馆,5465,义乌机场,35,136.74,192.69,67.05,46.48,76.66,64.54,76.21,0.0,53.94
G15+G16,4,武义县,武义县队,武义县文体中心体育馆(新建),3000,义乌机场,60,112.91,194.61,70.04,45.94,74.97,47.78,64.41,0.0,51.88
G15+G16,5,磐安县,磐安县队,磐安县文体中心,3000,义乌机场,95,129.91,191.22,61.74,46.88,73.61,35.12,60.77,0.0,50.18
